timestamp,x,y,z,target_x,target_y,target_z,roll,pitch,yaw,controller
0.0005023479461669922,-0.0024421156849712133,0.012899805791676044,0.013304761610925198,0.0,0.0,0.8,0.28571566939353943,-0.3133815824985504,0.01170995831489563,5
0.10102295875549316,-0.0023312291596084833,0.01263352856040001,0.016765497624874115,0.0,0.0,0.8,1.38227117061615,1.3002009391784668,0.3720850348472595,5
0.2018146514892578,-0.007737607695162296,0.01006460003554821,0.05643422156572342,0.0,0.0,0.8,0.16719581186771393,3.443983793258667,0.24943654239177704,5
0.30237746238708496,-0.01704493910074234,0.006483052857220173,0.13571788370609283,0.0,0.0,0.8,-0.2357904464006424,-0.7367744445800781,-0.17314501106739044,5
0.40332937240600586,-0.024576149880886078,0.0032943100668489933,0.240544855594635,0.0,0.0,0.8,-0.6287780404090881,-2.317863941192627,-0.656558632850647,5
0.5040149688720703,-0.028340524062514305,0.0010621384717524052,0.35872262716293335,0.0,0.0,0.8,-0.9095692038536072,-2.929750680923462,-0.8851823210716248,5
0.6044843196868896,-0.02706901729106903,3.3973119570873678e-06,0.4812927842140198,0.0,0.0,0.8,-0.7449834942817688,-2.5497395992279053,-0.9973278641700745,5
0.7048866748809814,-0.02109808288514614,0.0001383175840601325,0.5922350287437439,0.0,0.0,0.8,-0.7612658143043518,-1.7508753538131714,-0.9852434396743774,5
1.006974220275879,0.0035713028628379107,0.0007214588695205748,0.7639544606208801,0.0,0.0,0.8,0.01563737727701664,1.0012823343276978,-0.6963564157485962,5
1.11026930809021,0.011235563084483147,-0.00018191705748904496,0.7977662682533264,0.0,0.0,0.8,0.14525972306728363,1.9390615224838257,3.9181323051452637,5
1.210937738418579,0.013962593860924244,-0.002752560656517744,0.8238070011138916,0.0,0.0,0.8,-0.6663480997085571,2.184702157974243,16.843544006347656,5
1.3113155364990234,0.013996471650898457,-0.0063011180609464645,0.8476539850234985,0.0,0.0,0.8,-0.8327434062957764,0.9100017547607422,29.958219528198242,5
1.4120354652404785,0.012985913082957268,-0.009130985476076603,0.8649020791053772,0.0,0.0,0.8,-1.094144582748413,0.004016577266156673,39.41611862182617,5
1.5126259326934814,0.011868546716868877,-0.010294361039996147,0.8760796785354614,0.0,0.0,0.8,-0.9399352669715881,-0.6217865347862244,45.51633071899414,5
1.8143560886383057,0.010081661865115166,-0.00034351603244431317,0.8877818584442139,0.1545084971874737,0.17633557568774194,0.8,0.18869517743587494,0.06277482956647873,51.99769973754883,5
1.9147727489471436,0.0103077981621027,0.004969646222889423,0.887914776802063,0.1545084971874737,0.17633557568774194,0.8,0.36328569054603577,0.5092976689338684,52.38873291015625,5
2.0151703357696533,0.010486163198947906,0.01019817404448986,0.8877721428871155,0.1545084971874737,0.17633557568774194,0.8,0.49418821930885315,0.05028372257947922,51.92647933959961,5
2.1157877445220947,0.013129858300089836,0.01725161448121071,0.8883083462715149,0.1545084971874737,0.17633557568774194,0.8,0.6798679232597351,-6.299903392791748,50.44189453125,5
2.2162957191467285,0.0219495240598917,0.030981719493865967,0.8887618184089661,0.1545084971874737,0.17633557568774194,0.8,0.6538432836532593,-6.786680698394775,49.084041595458984,5
2.5171875953674316,0.08100235462188721,0.1074831560254097,0.8837147355079651,0.29389262614623657,0.285316954888546,0.8,0.7386127710342407,0.4488484263420105,46.878509521484375,5
2.6177561283111572,0.10442998260259628,0.13456006348133087,0.8821828365325928,0.29389262614623657,0.285316954888546,0.8,1.0590226650238037,2.3132262229919434,45.13335418701172,5
2.718271017074585,0.12795688211917877,0.15878340601921082,0.8819869160652161,0.29389262614623657,0.285316954888546,0.8,1.305423378944397,-1.706510066986084,38.40867233276367,5
2.818826913833618,0.1535751223564148,0.18145975470542908,0.8820353150367737,0.29389262614623657,0.285316954888546,0.8,1.2242670059204102,-1.235278606414795,32.85197067260742,5
2.91953444480896,0.18171802163124084,0.20298504829406738,0.8817986845970154,0.29389262614623657,0.285316954888546,0.8,0.8001859784126282,-0.10680616647005081,29.11061668395996,5
3.2214531898498535,0.2605369985103607,0.25174155831336975,0.8769868016242981,0.4045084971874737,0.285316954888546,0.8,0.32947030663490295,3.1810660362243652,24.890010833740234,5
3.3223986625671387,0.27859747409820557,0.26073041558265686,0.873489260673523,0.4045084971874737,0.285316954888546,0.8,0.27644774317741394,3.4296915531158447,22.30264663696289,5
3.422773838043213,0.2939620912075043,0.26757895946502686,0.8712095022201538,0.4045084971874737,0.285316954888546,0.8,1.5509289503097534,-0.2919085919857025,8.313145637512207,5
3.523392915725708,0.31044867634773254,0.2721078395843506,0.8714012503623962,0.4045084971874737,0.285316954888546,0.8,0.8736289143562317,-1.2199023962020874,-5.441826343536377,5
3.6238086223602295,0.32903409004211426,0.27402082085609436,0.8730023503303528,0.4045084971874737,0.285316954888546,0.8,0.5364667177200317,-1.0829070806503296,-17.772356033325195,5
3.724210739135742,0.32903409004211426,0.27402082085609436,0.8730023503303528,0.4045084971874737,0.285316954888546,0.8,0.5364667177200317,-1.0829070806503296,-17.772356033325195,5
4.025354385375977,0.3914862275123596,0.2648185193538666,0.8649438619613647,0.47552825814757677,0.17633557568774197,0.8,0.4119950532913208,1.9348042011260986,-34.603057861328125,5
4.125970840454102,0.4004474878311157,0.2625178396701813,0.8602832555770874,0.47552825814757677,0.17633557568774197,0.8,0.4542955458164215,2.144339084625244,-36.31695556640625,5
4.226586818695068,0.4073076546192169,0.2596130073070526,0.8580451011657715,0.47552825814757677,0.17633557568774197,0.8,1.4581190347671509,-2.196967363357544,-48.423133850097656,5
4.326964616775513,0.41486746072769165,0.2527535855770111,0.8581438660621643,0.47552825814757677,0.17633557568774197,0.8,0.475983589887619,-2.7589385509490967,-59.59228515625,5
4.427382230758667,0.4234744906425476,0.2413031905889511,0.8593767881393433,0.47552825814757677,0.17633557568774197,0.8,-0.07258453965187073,-2.3176918029785156,-67.00435638427734,5
4.728775501251221,0.44625595211982727,0.20151680707931519,0.8550330400466919,0.5,3.6739403974420595e-17,0.8,0.09707998484373093,1.0062448978424072,-75.57315063476562,5
4.829827308654785,0.4526393711566925,0.18802621960639954,0.8504882454872131,0.5,3.6739403974420595e-17,0.8,0.2225920706987381,1.658154845237732,-76.50531768798828,5
4.930186748504639,0.4568606913089752,0.17680872976779938,0.8471403121948242,0.5,3.6739403974420595e-17,0.8,0.7206513285636902,-3.3019495010375977,-81.97567749023438,5
5.030942440032959,0.460060179233551,0.16141685843467712,0.8448290824890137,0.5,3.6739403974420595e-17,0.8,-0.08116288483142853,-3.7830169200897217,-86.99039459228516,5
5.332336902618408,0.4709208607673645,0.0875595211982727,0.84182208776474,0.47552825814757677,-0.176335575687742,0.8,-0.23775620758533478,0.43936991691589355,-93.36132049560547,5
5.432935953140259,0.47424155473709106,0.06245776265859604,0.8405293822288513,0.47552825814757677,-0.176335575687742,0.8,-0.11049555987119675,1.6629900932312012,-93.85562896728516,5
5.533279895782471,0.47748151421546936,0.03613084927201271,0.8391571640968323,0.47552825814757677,-0.176335575687742,0.8,0.4311579167842865,-2.3711979389190674,-98.82972717285156,5
5.633719444274902,0.4792514741420746,0.008803375996649265,0.8381860852241516,0.47552825814757677,-0.176335575687742,0.8,0.06576362997293472,-2.3697988986968994,-103.97651672363281,5
5.734025001525879,0.4795631766319275,-0.021110503003001213,0.837107241153717,0.47552825814757677,-0.176335575687742,0.8,0.05503280460834503,-2.0316579341888428,-107.45024108886719,5
6.035525321960449,0.47273969650268555,-0.1112891361117363,0.8335856795310974,0.4045084971874737,-0.285316954888546,0.8,0.6374630928039551,2.0952117443084717,-111.70018005371094,5
6.135938882827759,0.4693543016910553,-0.13597817718982697,0.832665205001831,0.4045084971874737,-0.285316954888546,0.8,0.7913602590560913,3.17385196685791,-112.03714752197266,5
6.236322402954102,0.4656679034233093,-0.15522035956382751,0.8326784372329712,0.4045084971874737,-0.285316954888546,0.8,1.6707898378372192,0.27530109882354736,-122.06700134277344,5
6.337033748626709,0.45998021960258484,-0.1716364473104477,0.8340646028518677,0.4045084971874737,-0.285316954888546,0.8,0.7891062498092651,-1.338068962097168,-133.8083038330078,5
6.437411308288574,0.4508481025695801,-0.19009947776794434,0.8354347944259644,0.4045084971874737,-0.285316954888546,0.8,0.2781239151954651,-1.7555731534957886,-142.0220947265625,5
6.740166425704956,0.4178272485733032,-0.2382473647594452,0.8337803483009338,0.2938926261462366,-0.2853169548885461,0.8,0.39611876010894775,1.3293167352676392,-151.28378295898438,5
6.8409740924835205,0.40911930799484253,-0.2496630847454071,0.8313547968864441,0.2938926261462366,-0.2853169548885461,0.8,0.45501619577407837,1.8067471981048584,-151.9240264892578,5
6.941362142562866,0.40093886852264404,-0.2599373161792755,0.8294059038162231,0.2938926261462366,-0.2853169548885461,0.8,1.573809027671814,0.029032547026872635,-162.1099853515625,5
7.041848182678223,0.39059802889823914,-0.26766976714134216,0.8300702571868896,0.2938926261462366,-0.2853169548885461,0.8,1.5150482654571533,-2.2689976692199707,-177.07376098632812,5
7.142233371734619,0.3769683539867401,-0.27207687497138977,0.8315327763557434,0.2938926261462366,-0.2853169548885461,0.8,0.8978223204612732,-2.392709970474243,169.73715209960938,5
7.242571592330933,0.36127156019210815,-0.27311381697654724,0.832260251045227,0.2938926261462366,-0.2853169548885461,0.8,0.45294657349586487,-1.2241439819335938,160.46397399902344,5
7.544252395629883,0.31730520725250244,-0.26548638939857483,0.8263964056968689,0.15450849718747375,-0.176335575687742,0.8,0.3977707326412201,1.7173471450805664,150.43624877929688,5
7.6446521282196045,0.3086259365081787,-0.26178452372550964,0.8219634294509888,0.15450849718747375,-0.176335575687742,0.8,0.08678580820560455,1.9452606439590454,149.92169189453125,5
7.745329141616821,0.302301824092865,-0.25833556056022644,0.818851888179779,0.15450849718747375,-0.176335575687742,0.8,0.46436992287635803,-2.160161256790161,145.28916931152344,5
7.845693588256836,0.2932131886482239,-0.2523786127567291,0.8173021674156189,0.15450849718747375,-0.176335575687742,0.8,-0.677625298500061,-3.9099552631378174,139.29827880859375,5
8.146955013275146,0.23792123794555664,-0.2192801982164383,0.8146457076072693,6.123233995736766e-17,-7.347880794884119e-17,0.8,-0.4904099702835083,-0.5766162872314453,131.37083435058594,5
8.247360706329346,0.2167816311120987,-0.20798878371715546,0.8135092854499817,6.123233995736766e-17,-7.347880794884119e-17,0.8,0.045194875448942184,0.8893407583236694,130.5358123779297,5
8.34796953201294,0.1943344622850418,-0.1961282193660736,0.8127920031547546,6.123233995736766e-17,-7.347880794884119e-17,0.8,0.5390284061431885,-1.6007325649261475,129.09486389160156,5
8.448674440383911,0.16835740208625793,-0.18015442788600922,0.8130245208740234,6.123233995736766e-17,-7.347880794884119e-17,0.8,0.7068921327590942,-4.190558433532715,127.30985260009766,5
8.54990530014038,0.14336954057216644,-0.1613185554742813,0.8138622641563416,6.123233995736766e-17,-7.347880794884119e-17,0.8,0.925660252571106,-4.354626655578613,125.95999145507812,5
8.650519609451294,0.11492065340280533,-0.13683179020881653,0.8145604729652405,6.123233995736766e-17,-7.347880794884119e-17,0.8,0.9610692262649536,-2.470470428466797,124.8051986694336,5
8.750977039337158,0.08234124630689621,-0.10584745556116104,0.815086841583252,6.123233995736766e-17,-7.347880794884119e-17,0.8,1.248095154762268,-0.20578105747699738,123.88776397705078,5
8.851661205291748,0.05278985574841499,-0.07532302290201187,0.815083920955658,6.123233995736766e-17,-7.347880794884119e-17,0.8,1.5540317296981812,2.4323432445526123,123.20745086669922,5
8.952064752578735,0.03184271231293678,-0.05129110813140869,0.8150283694267273,6.123233995736766e-17,-7.347880794884119e-17,0.8,1.5798118114471436,4.135307312011719,122.80470275878906,5
9.052443981170654,0.01440421212464571,-0.028421396389603615,0.8145577311515808,6.123233995736766e-17,-7.347880794884119e-17,0.8,1.2783681154251099,4.586752891540527,122.61550903320312,5
9.153258085250854,0.002308845752850175,-0.009460583329200745,0.8134835362434387,6.123233995736766e-17,-7.347880794884119e-17,0.8,0.8885219097137451,4.510715961456299,122.54590606689453,5
9.253875970840454,-0.004215112421661615,0.004496092442423105,0.81248539686203,6.123233995736766e-17,-7.347880794884119e-17,0.8,0.453161358833313,4.095451354980469,122.52587127685547,5
9.35438060760498,-0.005755895748734474,0.011833644472062588,0.8117473721504211,6.123233995736766e-17,-7.347880794884119e-17,0.8,-0.04445194453001022,3.245426654815674,122.53498077392578,5
9.454772710800171,-0.004836066160351038,0.015293349511921406,0.8110621571540833,6.123233995736766e-17,-7.347880794884119e-17,0.8,-0.33755701780319214,2.208278179168701,122.61016845703125,5
9.555142402648926,-0.002796496730297804,0.016238434240221977,0.8107601404190063,6.123233995736766e-17,-7.347880794884119e-17,0.8,-0.53302401304245,1.2614375352859497,122.75819396972656,5
9.655524253845215,-0.0007503830711357296,0.015241377055644989,0.8102744817733765,6.123233995736766e-17,-7.347880794884119e-17,0.8,-0.6004772186279297,0.4633658230304718,122.911376953125,5
9.75591778755188,0.00019723724108189344,0.013349004089832306,0.8100399971008301,6.123233995736766e-17,-7.347880794884119e-17,0.8,-0.5190029740333557,-0.06640315055847168,123.0917739868164,5
9.856689929962158,-0.0004860245098825544,0.01146654412150383,0.810025691986084,6.123233995736766e-17,-7.347880794884119e-17,0.8,-0.25785744190216064,-0.19640034437179565,123.28726959228516,5
9.95730209350586,-0.0024813394993543625,0.010169701650738716,0.8098961114883423,6.123233995736766e-17,-7.347880794884119e-17,0.8,0.06546308845281601,-0.12995700538158417,123.51209259033203,5
10.058012008666992,-0.005077849142253399,0.009476163424551487,0.8102967739105225,6.123233995736766e-17,-7.347880794884119e-17,0.8,0.2536667585372925,0.05457484349608421,123.67093658447266,5
10.158549547195435,-0.008476159535348415,0.008904393762350082,0.8100581169128418,6.123233995736766e-17,-7.347880794884119e-17,0.8,0.45610010623931885,0.23149412870407104,123.81063842773438,5
10.259690761566162,-0.011167330667376518,0.009000341407954693,0.8099260926246643,6.123233995736766e-17,-7.347880794884119e-17,0.8,0.6455109119415283,0.4811002016067505,123.9064712524414,5
10.360088586807251,-0.013254205696284771,0.009342123754322529,0.8095120191574097,6.123233995736766e-17,-7.347880794884119e-17,0.8,0.6953008770942688,0.6335210800170898,123.94224548339844,5
10.460519313812256,-0.014264389872550964,0.009990406222641468,0.8089358806610107,6.123233995736766e-17,-7.347880794884119e-17,0.8,0.5930103063583374,0.6296176314353943,123.9603042602539,5
10.560875415802002,-0.014425880275666714,0.010358312167227268,0.8080433011054993,6.123233995736766e-17,-7.347880794884119e-17,0.8,0.45786720514297485,0.6489129066467285,123.9280776977539,5
10.661250114440918,-0.013849183917045593,0.010647647082805634,0.8078132271766663,6.123233995736766e-17,-7.347880794884119e-17,0.8,0.27190256118774414,0.572612464427948,123.9384994506836,5
10.76176381111145,-0.012889131903648376,0.010679200291633606,0.8078001737594604,6.123233995736766e-17,-7.347880794884119e-17,0.8,0.20353582501411438,0.5100482702255249,123.99391174316406,5
10.86214566230774,-0.011591212823987007,0.0104210851714015,0.8080567717552185,6.123233995736766e-17,-7.347880794884119e-17,0.8,0.07247253507375717,0.4545497000217438,124.06192016601562,5
10.962619543075562,-0.010638590902090073,0.009831377305090427,0.808296799659729,6.123233995736766e-17,-7.347880794884119e-17,0.8,-0.010612847283482552,0.3708338141441345,124.1672592163086,5
11.0631103515625,-0.009339530020952225,0.00885080173611641,0.8085522055625916,6.123233995736766e-17,-7.347880794884119e-17,0.8,0.03647737205028534,0.2539004385471344,124.34737396240234,5
11.16398000717163,-0.008393114432692528,0.007639930117875338,0.8082870244979858,6.123233995736766e-17,-7.347880794884119e-17,0.8,0.10382366925477982,0.15914635360240936,124.52619934082031,5
11.264330863952637,-0.007757883984595537,0.006371934898197651,0.8081352710723877,6.123233995736766e-17,-7.347880794884119e-17,0.8,0.1501208394765854,0.07333238422870636,124.73875427246094,5
11.364697933197021,-0.007184188812971115,0.005260372534394264,0.8084354400634766,6.123233995736766e-17,-7.347880794884119e-17,0.8,0.2506195306777954,0.056804779917001724,124.96595001220703,5
11.465221166610718,-0.006638467311859131,0.0046866838820278645,0.8088231086730957,6.123233995736766e-17,-7.347880794884119e-17,0.8,0.27818503975868225,0.05987358093261719,125.20065307617188,5
11.566517353057861,-0.006542514078319073,0.004221033304929733,0.8087486624717712,6.123233995736766e-17,-7.347880794884119e-17,0.8,0.258777916431427,0.02227768301963806,125.4390640258789,5
11.666882753372192,-0.0066042435355484486,0.003950276877731085,0.80846107006073,6.123233995736766e-17,-7.347880794884119e-17,0.8,0.2656979262828827,0.04529121518135071,125.68189239501953,5
11.76725435256958,-0.0067195408046245575,0.004163320641964674,0.8084332346916199,6.123233995736766e-17,-7.347880794884119e-17,0.8,0.3192102015018463,0.16326004266738892,125.88536834716797,5
11.868033409118652,-0.006647010799497366,0.004697535187005997,0.8085518479347229,6.123233995736766e-17,-7.347880794884119e-17,0.8,0.19516316056251526,0.1597386747598648,126.14629364013672,5
11.968608140945435,-0.00682959845289588,0.005123917944729328,0.8084349632263184,6.123233995736766e-17,-7.347880794884119e-17,0.8,0.15660758316516876,0.24376970529556274,126.36714172363281,5
12.06968092918396,-0.007131217513233423,0.005520997568964958,0.8082318305969238,6.123233995736766e-17,-7.347880794884119e-17,0.8,0.13272282481193542,0.250236451625824,126.5237808227539,5
12.170019626617432,-0.007439196575433016,0.005729451775550842,0.8079469203948975,6.123233995736766e-17,-7.347880794884119e-17,0.8,0.1707969754934311,0.3047534227371216,126.68958282470703,5
12.4711754322052,-0.007571072783321142,0.006365315988659859,0.8073378205299377,-0.15450849718747386,0.17633557568774208,0.8,0.14731818437576294,0.2841411530971527,127.22494506835938,5
12.571558237075806,-0.00787051860243082,0.0063132839277386665,0.8069196343421936,-0.15450849718747386,0.17633557568774208,0.8,0.16850142180919647,0.31998658180236816,127.4150390625,5
12.671897172927856,-0.008055608719587326,0.006009568460285664,0.8066125512123108,-0.15450849718747386,0.17633557568774208,0.8,0.07105568796396255,-0.6351484656333923,128.0791473388672,5
12.772426843643188,-0.010977696627378464,0.008557988330721855,0.8066264986991882,-0.15450849718747386,0.17633557568774208,0.8,-0.09731701761484146,-6.8858489990234375,129.5986785888672,5
12.87295150756836,-0.020763933658599854,0.017980746924877167,0.8066575527191162,-0.15450849718747386,0.17633557568774208,0.8,0.06357108801603317,-7.744011878967285,130.65090942382812,5
13.17393946647644,-0.09278494864702225,0.08845427632331848,0.8037724494934082,-0.2938926261462367,0.28531695488854614,0.8,0.6379212737083435,0.1289728879928589,132.07522583007812,5
13.274328231811523,-0.12074613571166992,0.11767438799142838,0.8037835359573364,-0.2938926261462367,0.28531695488854614,0.8,0.7894713878631592,3.107710123062134,131.99221801757812,5
13.374914407730103,-0.14166678488254547,0.14183245599269867,0.8044293522834778,-0.2938926261462367,0.28531695488854614,0.8,0.4719943404197693,4.398769378662109,132.98707580566406,5
13.475304126739502,-0.15787042677402496,0.162952721118927,0.8059321641921997,-0.2938926261462367,0.28531695488854614,0.8,-0.5406211614608765,-0.10994183272123337,139.52041625976562,5
13.57576608657837,-0.188058540225029,0.19973088800907135,0.8083034753799438,-0.2938926261462367,0.28531695488854614,0.8,-0.6295060515403748,-1.501206636428833,148.25723266601562,5
13.676353931427002,-0.20781686902046204,0.21950094401836395,0.8078656792640686,-0.2938926261462367,0.28531695488854614,0.8,-0.6237526535987854,-0.7459469437599182,150.43321228027344,5
13.776815414428711,-0.23160289227962494,0.2407037615776062,0.8063669800758362,-0.2938926261462367,0.28531695488854614,0.8,-0.7220557332038879,0.5517467260360718,151.75399780273438,5
14.078269720077515,-0.28406062722206116,0.28320902585983276,0.8042907118797302,-0.40450849718747367,0.2853169548885461,0.8,-0.8589819073677063,3.338322401046753,153.0209197998047,5
14.179244756698608,-0.29487258195877075,0.29225385189056396,0.804313600063324,-0.40450849718747367,0.2853169548885461,0.8,-0.8421378135681152,3.087117910385132,154.2415008544922,5
14.280478715896606,-0.30014950037002563,0.29775503277778625,0.8041313290596008,-0.40450849718747367,0.2853169548885461,0.8,-2.507427215576172,0.07417669892311096,166.642333984375,5
14.380849599838257,-0.30486759543418884,0.30016469955444336,0.8051133155822754,-0.40450849718747367,0.2853169548885461,0.8,-1.4716274738311768,-2.5112531185150146,179.6416015625,5
14.481410264968872,-0.313241183757782,0.3005945384502411,0.8071712851524353,-0.40450849718747367,0.2853169548885461,0.8,-0.45800432562828064,-2.948868989944458,-167.5509490966797,5
14.581788301467896,-0.3267614245414734,0.29909855127334595,0.8097072243690491,-0.40450849718747367,0.2853169548885461,0.8,0.13341443240642548,-2.36849308013916,-158.6463623046875,5
14.682227849960327,-0.34770849347114563,0.29536378383636475,0.8114830255508423,-0.40450849718747367,0.2853169548885461,0.8,0.19116392731666565,-1.0573601722717285,-153.16363525390625,5
14.98405909538269,-0.4070673882961273,0.28104332089424133,0.8058936595916748,-0.47552825814757677,0.176335575687742,0.8,-1.0024588108062744,3.0642943382263184,-147.34889221191406,5
15.084403276443481,-0.4216650128364563,0.27736684679985046,0.8037311434745789,-0.47552825814757677,0.176335575687742,0.8,-1.091739296913147,3.2143430709838867,-146.10797119140625,5
15.184746980667114,-0.42980778217315674,0.2759818434715271,0.8020246028900146,-0.47552825814757677,0.176335575687742,0.8,-2.6195569038391113,0.5117224454879761,-136.02890014648438,5
15.285091400146484,-0.43562769889831543,0.2729988098144531,0.8016376495361328,-0.47552825814757677,0.176335575687742,0.8,-1.9456138610839844,-2.334270477294922,-124.7126235961914,5
15.385789632797241,-0.4413243532180786,0.2648254334926605,0.8027826547622681,-0.47552825814757677,0.176335575687742,0.8,-1.1104686260223389,-3.129605293273926,-116.71463775634766,5
15.486259698867798,-0.4484225809574127,0.2496635764837265,0.8050772547721863,-0.47552825814757677,0.176335575687742,0.8,-0.5788629055023193,-2.258667230606079,-111.51988983154297,5
15.787903785705566,-0.4697211682796478,0.1890864074230194,0.8044981956481934,-0.5,1.1021821192326178e-16,0.8,-0.3298439085483551,2.4232535362243652,-105.47325134277344,5
15.889094591140747,-0.47566336393356323,0.17047889530658722,0.8020614385604858,-0.5,1.1021821192326178e-16,0.8,-0.25042057037353516,3.2133431434631348,-104.70958709716797,5
15.989612817764282,-0.47999104857444763,0.15678928792476654,0.8002350926399231,-0.5,1.1021821192326178e-16,0.8,-0.9581300020217896,-1.1724677085876465,-99.26428985595703,5
16.08999991416931,-0.4834260940551758,0.14224773645401,0.8003220558166504,-0.5,1.1021821192326178e-16,0.8,-0.5444023609161377,-2.450978994369507,-94.37206268310547,5
16.391140460968018,-0.4908560812473297,0.07251067459583282,0.8016797304153442,-0.4755282581475768,-0.17633557568774183,0.8,-0.09385903179645538,0.11469963937997818,-87.62602233886719,5
16.491507291793823,-0.49300289154052734,0.045393556356430054,0.8009566068649292,-0.4755282581475768,-0.17633557568774183,0.8,-0.24336987733840942,1.7812062501907349,-86.7410888671875,5
16.591853380203247,-0.4949685335159302,0.02070777863264084,0.800158679485321,-0.4755282581475768,-0.17633557568774183,0.8,-0.8330005407333374,-1.72365403175354,-81.24942779541016,5
16.69252872467041,-0.4960513412952423,-0.007443304173648357,0.8001330494880676,-0.4755282581475768,-0.17633557568774183,0.8,-0.5972907543182373,-2.2440953254699707,-76.12661743164062,5
16.993563652038574,-0.4882638156414032,-0.10181797295808792,0.8017112016677856,-0.4045084971874735,-0.2853169548885462,0.8,-0.9365168809890747,1.3319627046585083,-69.1521987915039,5
17.093984603881836,-0.483215868473053,-0.13354018330574036,0.8014439940452576,-0.4045084971874735,-0.2853169548885462,0.8,-1.1680740118026733,2.8314812183380127,-68.303955078125,5
17.194323778152466,-0.4781709611415863,-0.16211482882499695,0.799558162689209,-0.4045084971874735,-0.2853169548885462,0.8,-2.267082452774048,1.6570005416870117,-57.879615783691406,5
17.294647455215454,-0.4735841751098633,-0.1816583275794983,0.7972390651702881,-0.4045084971874735,-0.2853169548885462,0.8,-1.884136438369751,-0.5631278157234192,-45.260616302490234,5
17.395042657852173,-0.46577930450439453,-0.20154021680355072,0.7953165769577026,-0.4045084971874735,-0.2853169548885462,0.8,-1.4345437288284302,-1.3496925830841064,-36.336483001708984,5
17.696532726287842,-0.4190506339073181,-0.26031729578971863,0.8004383444786072,-0.2938926261462367,-0.28531695488854614,0.8,-1.4689162969589233,1.7272918224334717,-25.604110717773438,5
17.79786777496338,-0.4038061797618866,-0.2733812630176544,0.8012015223503113,-0.2938926261462367,-0.28531695488854614,0.8,-1.436903953552246,2.950350046157837,-24.764545440673828,5
17.89942502975464,-0.3916507959365845,-0.2830105125904083,0.8000485301017761,-0.2938926261462367,-0.28531695488854614,0.8,-2.661515474319458,2.561187505722046,-13.320669174194336,5
18.000004053115845,-0.38243046402931213,-0.28889036178588867,0.7965859770774841,-0.2938926261462367,-0.28531695488854614,0.8,-2.2141308784484863,-1.2568432092666626,3.0312719345092773,5
18.100419282913208,-0.3699038028717041,-0.292002409696579,0.7933725714683533,-0.2938926261462367,-0.28531695488854614,0.8,-1.2184263467788696,-2.0667688846588135,16.498676300048828,5
18.40146565437317,-0.318175345659256,-0.28276172280311584,0.7949659824371338,-0.1545084971874738,-0.17633557568774202,0.8,-0.635747492313385,1.1144435405731201,31.57632827758789,5
18.501960039138794,-0.29846975207328796,-0.2759767174720764,0.7990928888320923,-0.1545084971874738,-0.17633557568774202,0.8,-0.7255683541297913,2.341383934020996,32.74356460571289,5
18.602324962615967,-0.28167855739593506,-0.2693597972393036,0.8013861179351807,-0.1545084971874738,-0.17633557568774202,0.8,-1.518123745918274,-1.1920486688613892,38.5623664855957,5
18.90341806411743,-0.23426342010498047,-0.23742470145225525,0.8018476366996765,-1.2246467991473532e-16,-1.4695761589768238e-16,0.8,0.0021084200125187635,-1.3559281826019287,50.79134750366211,5
19.003801107406616,-0.21276883780956268,-0.21943224966526031,0.8020607233047485,-1.2246467991473532e-16,-1.4695761589768238e-16,0.8,-0.036092083901166916,0.07420063763856888,52.2023811340332,5
19.104249715805054,-0.19156232476234436,-0.200900137424469,0.8025878667831421,-1.2246467991473532e-16,-1.4695761589768238e-16,0.8,-0.019301526248455048,-3.5714502334594727,53.97897720336914,5
19.20470952987671,-0.168508842587471,-0.17889335751533508,0.803716242313385,-1.2246467991473532e-16,-1.4695761589768238e-16,0.8,0.16952887177467346,-4.240810394287109,55.550193786621094,5
19.305211782455444,-0.14217393100261688,-0.15170809626579285,0.8044580817222595,-1.2246467991473532e-16,-1.4695761589768238e-16,0.8,0.21065770089626312,-3.3662405014038086,56.5802001953125,5
19.405640602111816,-0.11414024978876114,-0.12096716463565826,0.8046753406524658,-1.2246467991473532e-16,-1.4695761589768238e-16,0.8,0.07748137414455414,-1.4878064393997192,57.17758560180664,5
19.506436824798584,-0.0834023505449295,-0.08651618659496307,0.8047997951507568,-1.2246467991473532e-16,-1.4695761589768238e-16,0.8,-0.268086701631546,1.2671016454696655,57.44236755371094,5
19.60705256462097,-0.055617593228816986,-0.05520179122686386,0.8045710325241089,-1.2246467991473532e-16,-1.4695761589768238e-16,0.8,-0.5179840326309204,3.6750829219818115,57.508544921875,5
19.70758557319641,-0.0320415236055851,-0.029064573347568512,0.8046532273292542,-1.2246467991473532e-16,-1.4695761589768238e-16,0.8,-0.6381349563598633,5.116354465484619,57.417545318603516,5
19.80826473236084,-0.014480704441666603,-0.010679757222533226,0.8047512173652649,-1.2246467991473532e-16,-1.4695761589768238e-16,0.8,-0.6651546955108643,5.442742824554443,57.27381896972656,5
19.909196376800537,-0.0018562814220786095,0.0007842553895898163,0.8050764799118042,-1.2246467991473532e-16,-1.4695761589768238e-16,0.8,-0.6294774413108826,4.782414436340332,57.188968658447266,5
20.009685277938843,0.006104379426687956,0.006256596650928259,0.805195152759552,-1.2246467991473532e-16,-1.4695761589768238e-16,0.8,-0.7730331420898438,3.80122709274292,57.06435775756836,5
20.110385417938232,0.009880119934678078,0.007023538462817669,0.80539870262146,-1.2246467991473532e-16,-1.4695761589768238e-16,0.8,-0.7750210165977478,2.5301859378814697,56.963130950927734,5
20.210753917694092,0.010718691162765026,0.005113639403134584,0.8056698441505432,-1.2246467991473532e-16,-1.4695761589768238e-16,0.8,-0.7508742809295654,1.2991760969161987,56.86524963378906,5
20.31114959716797,0.009929820895195007,0.0023387297987937927,0.8056250214576721,-1.2246467991473532e-16,-1.4695761589768238e-16,0.8,-0.5913531184196472,0.341764360666275,56.81523895263672,5
20.41183590888977,0.008368481881916523,-0.00029444435494951904,0.8053879737854004,-1.2246467991473532e-16,-1.4695761589768238e-16,0.8,-0.4796833097934723,-0.21222646534442902,56.7739372253418,5
20.51260471343994,0.006937116850167513,-0.0015638876939192414,0.8052201867103577,-1.2246467991473532e-16,-1.4695761589768238e-16,0.8,-0.2918581962585449,-0.4737092852592468,56.7310905456543,5
20.612963676452637,0.005707310047000647,-0.001735658384859562,0.8048285245895386,-1.2246467991473532e-16,-1.4695761589768238e-16,0.8,-0.22175121307373047,-0.4500705897808075,56.60343933105469,5
20.713425874710083,0.005461410619318485,-0.000400021905079484,0.8047998547554016,-1.2246467991473532e-16,-1.4695761589768238e-16,0.8,-0.1168304979801178,-0.23765455186367035,56.44003677368164,5
20.813905715942383,0.005694561172276735,0.0016338280402123928,0.8043777346611023,-1.2246467991473532e-16,-1.4695761589768238e-16,0.8,-0.030975790694355965,0.06886448711156845,56.21330642700195,5
20.914315462112427,0.006372139323502779,0.003968169447034597,0.8045779466629028,-1.2246467991473532e-16,-1.4695761589768238e-16,0.8,-0.0005118881235830486,0.35585036873817444,56.000091552734375,5
21.015010118484497,0.006958301644772291,0.006015480495989323,0.8045461773872375,-1.2246467991473532e-16,-1.4695761589768238e-16,0.8,0.06638892740011215,0.5893763899803162,55.79852294921875,5
21.115436792373657,0.007611336652189493,0.007690435741096735,0.8047420978546143,-1.2246467991473532e-16,-1.4695761589768238e-16,0.8,0.03334742784500122,0.6896287202835083,55.65711975097656,5
21.215837001800537,0.007399070076644421,0.00828839372843504,0.8041320443153381,-1.2246467991473532e-16,-1.4695761589768238e-16,0.8,0.018068116158246994,0.6520056128501892,55.55341720581055,5
21.31639790534973,0.007006688043475151,0.008401296101510525,0.803825855255127,-1.2246467991473532e-16,-1.4695761589768238e-16,0.8,-0.00421316921710968,0.5774412751197815,55.46649932861328,5
21.416779041290283,0.006320929154753685,0.007978968322277069,0.8039723038673401,-1.2246467991473532e-16,-1.4695761589768238e-16,0.8,-0.01710149087011814,0.41433727741241455,55.34980773925781,5
21.51734733581543,0.005790220573544502,0.007659114897251129,0.8044015765190125,-1.2246467991473532e-16,-1.4695761589768238e-16,0.8,0.04517960548400879,0.28739133477211,55.26664352416992,5
21.617743492126465,0.004691342823207378,0.006676575168967247,0.8035228252410889,-1.2246467991473532e-16,-1.4695761589768238e-16,0.8,0.03158333897590637,0.17474418878555298,55.17399215698242,5
21.71879529953003,0.003974651452153921,0.005833863280713558,0.8027300834655762,-1.2246467991473532e-16,-1.4695761589768238e-16,0.8,0.053518135100603104,0.09657561033964157,55.11848068237305,5
21.819374799728394,0.0036679112818092108,0.005275461357086897,0.8024476170539856,-1.2246467991473532e-16,-1.4695761589768238e-16,0.8,0.007780104409903288,0.049558382481336594,55.09492111206055,5
21.919962406158447,0.003586111357435584,0.0049707042053341866,0.8024735450744629,-1.2246467991473532e-16,-1.4695761589768238e-16,0.8,-0.011254970915615559,0.019620051607489586,55.08124542236328,5
22.020333766937256,0.0038041213992983103,0.004789928440004587,0.8025715947151184,-1.2246467991473532e-16,-1.4695761589768238e-16,0.8,-0.024723531678318977,0.0902264341711998,55.1111946105957,5
22.120667219161987,0.004153826739639044,0.004812956787645817,0.8024362921714783,-1.2246467991473532e-16,-1.4695761589768238e-16,0.8,-0.07096607238054276,0.13745367527008057,55.13534164428711,5
22.2210111618042,0.004482183139771223,0.004628067836165428,0.8019463419914246,-1.2246467991473532e-16,-1.4695761589768238e-16,0.8,-0.13862811028957367,0.20234160125255585,55.17697525024414,5
22.321359634399414,0.004694719798862934,0.004368774127215147,0.8011934161186218,-1.2246467991473532e-16,-1.4695761589768238e-16,0.8,-0.12529489398002625,0.19641022384166718,55.19816589355469,5
22.42180109024048,0.004993877373635769,0.004223122727125883,0.800929844379425,-1.2246467991473532e-16,-1.4695761589768238e-16,0.8,-0.1840953379869461,0.16794151067733765,55.190372467041016,5
22.52215266227722,0.005411475896835327,0.00426145177334547,0.8013434410095215,-1.2246467991473532e-16,-1.4695761589768238e-16,0.8,-0.15825015306472778,0.19185519218444824,55.157989501953125,5
22.62264609336853,0.005793559830635786,0.0043100640177726746,0.8017228245735168,-1.2246467991473532e-16,-1.4695761589768238e-16,0.8,-0.16052402555942535,0.23899158835411072,55.099544525146484,5
22.723010063171387,0.005661925300955772,0.00407808180898428,0.8016900420188904,-1.2246467991473532e-16,-1.4695761589768238e-16,0.8,-0.1400688886642456,0.25365033745765686,54.982025146484375,5
22.82406449317932,0.0053789555095136166,0.0038934932090342045,0.8017769455909729,-1.2246467991473532e-16,-1.4695761589768238e-16,0.8,-0.10794082283973694,0.23412616550922394,54.83951187133789,5
22.924493074417114,0.004937843419611454,0.00370943290181458,0.8020301461219788,-1.2246467991473532e-16,-1.4695761589768238e-16,0.8,-0.15001273155212402,0.19060909748077393,54.651180267333984,5
23.024903059005737,0.0044933282770216465,0.003607270773500204,0.802431583404541,-1.2246467991473532e-16,-1.4695761589768238e-16,0.8,-0.13135497272014618,0.17121274769306183,54.51081848144531,5
23.125274181365967,0.004050018265843391,0.0036171586252748966,0.8026202321052551,-1.2246467991473532e-16,-1.4695761589768238e-16,0.8,-0.09315349906682968,0.14280931651592255,54.35435485839844,5
23.225691556930542,0.0034077500458806753,0.0035706795752048492,0.8025596737861633,-1.2246467991473532e-16,-1.4695761589768238e-16,0.8,-0.02353954128921032,0.14115314185619354,54.217838287353516,5
23.32626223564148,0.0024658935144543648,0.0033131043892353773,0.8017116785049438,-1.2246467991473532e-16,-1.4695761589768238e-16,0.8,0.021671827882528305,0.09749208390712738,54.107566833496094,5
23.427133560180664,0.0016558930510655046,0.003055912908166647,0.8014441728591919,-1.2246467991473532e-16,-1.4695761589768238e-16,0.8,0.010042182169854641,0.03940639644861221,53.995521545410156,5
23.52777647972107,0.00128751655574888,0.0030023548752069473,0.8019627928733826,-1.2246467991473532e-16,-1.4695761589768238e-16,0.8,0.03990199789404869,0.018287120386958122,53.91265106201172,5
23.62842869758606,0.0010060869390144944,0.002819908084347844,0.802781879901886,-1.2246467991473532e-16,-1.4695761589768238e-16,0.8,0.02712252177298069,0.011783352121710777,53.80208206176758,5
23.728920936584473,0.0005222992040216923,0.0024178752209991217,0.8029477596282959,-1.2246467991473532e-16,-1.4695761589768238e-16,0.8,0.018650980666279793,0.020142944529652596,53.71554183959961,5
23.831944227218628,0.00015609180263709277,0.0019419137388467789,0.0,-1.2246467991473532e-16,-1.4695761589768238e-16,0.8,-0.04468993470072746,0.003768336493521929,53.61845397949219,5
23.932445287704468,0.00015103031182661653,0.0018172615673393011,0.8028450012207031,-1.2246467991473532e-16,-1.4695761589768238e-16,0.8,-0.1562563180923462,0.00559999467805028,53.88419723510742,5
24.032917737960815,-0.00038071407470852137,0.001243996899574995,0.7848106622695923,-1.2246467991473532e-16,-1.4695761589768238e-16,0.8,-0.3901119530200958,-0.2317172735929489,54.80495071411133,5
24.133306980133057,-0.0007539647631347179,0.000609238282777369,0.7291619181632996,-1.2246467991473532e-16,-1.4695761589768238e-16,0.8,-0.1126013994216919,-0.16302408277988434,55.70106506347656,5
24.233720064163208,-0.0008191819069907069,-0.0006025569164194167,0.6336531639099121,-1.2246467991473532e-16,-1.4695761589768238e-16,0.8,-0.06168913096189499,-0.19634726643562317,56.46120071411133,5
24.334357976913452,-0.0013939401833340526,-0.0029117113444954157,0.49902579188346863,-1.2246467991473532e-16,-1.4695761589768238e-16,0.8,-0.0604015477001667,-0.19307123124599457,57.142433166503906,5
24.434980154037476,-0.00150088791269809,-0.00497380830347538,0.36000657081604004,-1.2246467991473532e-16,-1.4695761589768238e-16,0.8,0.2290314882993698,-0.2266063541173935,57.575767517089844,5
24.535320043563843,-0.0016876786248758435,-0.0073729008436203,0.2316765934228897,-1.2246467991473532e-16,-1.4695761589768238e-16,0.8,0.2716604471206665,0.2633400857448578,57.53956604003906,5
24.635679006576538,-0.001565325539559126,-0.009880807250738144,0.11823197454214096,-1.2246467991473532e-16,-1.4695761589768238e-16,0.8,0.17033235728740692,0.1742590069770813,56.48720169067383,5
24.736348628997803,-0.0010858627501875162,-0.013268587179481983,0.02300713211297989,-1.2246467991473532e-16,-1.4695761589768238e-16,0.8,0.2583651840686798,-0.4730775058269501,55.2756462097168,5
24.837414264678955,0.001799236866645515,-0.009329983033239841,0.039063937962055206,-1.2246467991473532e-16,-1.4695761589768238e-16,0.8,0.44046568870544434,-3.1771483421325684,53.84196853637695,5
24.938679456710815,0.005348160397261381,-0.0017134740483015776,0.054835859686136246,-1.2246467991473532e-16,-1.4695761589768238e-16,0.8,-1.1132583618164062,0.12978149950504303,53.381141662597656,5
25.039036989212036,0.008982370607554913,0.0055085704661905766,0.04599699005484581,-1.2246467991473532e-16,-1.4695761589768238e-16,0.8,-0.4103354215621948,0.4829116761684418,53.62800598144531,5
25.13938307762146,0.012583251111209393,0.011105109937489033,0.01607567071914673,-1.2246467991473532e-16,-1.4695761589768238e-16,0.8,0.27091535925865173,-0.4793875813484192,54.323299407958984,5
25.23993492126465,0.017295995727181435,0.015470250509679317,0.0225409846752882,-1.2246467991473532e-16,-1.4695761589768238e-16,0.8,0.8545079231262207,0.45703065395355225,55.63001251220703,5
25.34047842025757,0.020603934302926064,0.016826266422867775,0.01722317561507225,-1.2246467991473532e-16,-1.4695761589768238e-16,0.8,-0.6909332275390625,1.1415750980377197,55.896514892578125,5
25.440881729125977,0.023359166458249092,0.018643295392394066,0.014105168171226978,-1.2246467991473532e-16,-1.4695761589768238e-16,0.8,0.20068785548210144,-0.6740095019340515,57.351444244384766,5
25.541245222091675,0.0234037134796381,0.020922241732478142,0.01440552156418562,-1.2246467991473532e-16,-1.4695761589768238e-16,0.8,-0.3442933261394501,-1.2155027389526367,57.36740493774414,5
25.64162826538086,0.022984294220805168,0.02094513177871704,0.014596162363886833,-1.2246467991473532e-16,-1.4695761589768238e-16,0.8,0.06234859302639961,-0.6815741062164307,57.50875473022461,5
25.74199151992798,0.02287714183330536,0.020767193287611008,0.014684062451124191,-1.2246467991473532e-16,-1.4695761589768238e-16,0.8,0.019850371405482292,-0.5708099007606506,57.6109504699707,5
25.84235382080078,0.022829603403806686,0.020767979323863983,0.014711338095366955,-1.2246467991473532e-16,-1.4695761589768238e-16,0.8,-0.00017082020349334925,-0.49814310669898987,57.62123489379883,5
25.943156242370605,0.022451164200901985,0.020404202863574028,0.014789680950343609,-1.2246467991473532e-16,-1.4695761589768238e-16,0.8,-0.06720934063196182,-0.44937947392463684,57.29777908325195,5
26.0435733795166,0.022112954407930374,0.020128795877099037,0.014691410586237907,-1.2246467991473532e-16,-1.4695761589768238e-16,0.8,-0.09821746498346329,-0.4257062077522278,56.76290512084961,5
26.14431381225586,0.021801216527819633,0.01997428573668003,0.014681941829621792,-1.2246467991473532e-16,-1.4695761589768238e-16,0.8,-0.10555262863636017,-0.4171895682811737,56.223167419433594,5
26.245060205459595,0.021544771268963814,0.019926439970731735,0.014633153565227985,-1.2246467991473532e-16,-1.4695761589768238e-16,0.8,-0.11204277724027634,-0.4051942229270935,55.68526840209961,5
26.345540523529053,0.021217728033661842,0.01989038661122322,0.014501060359179974,-1.2246467991473532e-16,-1.4695761589768238e-16,0.8,-0.06577804684638977,-0.4051256775856018,55.157657623291016,5
26.445961713790894,0.021304814144968987,0.019845476374030113,0.014490337111055851,-1.2246467991473532e-16,-1.4695761589768238e-16,0.8,0.0036887354217469692,-0.4389030635356903,54.6305046081543,5
26.546494245529175,0.021329501643776894,0.019800812005996704,0.014434779062867165,-1.2246467991473532e-16,-1.4695761589768238e-16,0.8,0.07010412216186523,-0.4753963351249695,54.10589599609375,5
26.64708423614502,0.02119881473481655,0.01979743130505085,0.014457186684012413,-1.2246467991473532e-16,-1.4695761589768238e-16,0.8,0.11608502268791199,-0.5079429149627686,53.596893310546875,5
26.748628854751587,0.021312858909368515,0.019756807014346123,0.014489381574094296,-1.2246467991473532e-16,-1.4695761589768238e-16,0.8,0.12758994102478027,-0.5209233164787292,53.08108901977539,5
26.84898328781128,0.021358033642172813,0.019772101193666458,0.014429476112127304,-1.2246467991473532e-16,-1.4695761589768238e-16,0.8,0.12410689145326614,-0.5168761014938354,52.565025329589844,5
26.949384927749634,0.02154284529387951,0.0197339728474617,0.014431904070079327,-1.2246467991473532e-16,-1.4695761589768238e-16,0.8,0.1336955428123474,-0.5120553970336914,52.060977935791016,5
27.049925327301025,0.02157626301050186,0.019727230072021484,0.014451365917921066,-1.2246467991473532e-16,-1.4695761589768238e-16,0.8,0.13244202733039856,-0.5112031102180481,51.55970764160156,5
27.150416135787964,0.021489430218935013,0.01969718374311924,0.014456241391599178,-1.2246467991473532e-16,-1.4695761589768238e-16,0.8,0.12699399888515472,-0.5105182528495789,51.06043243408203,5
27.250948905944824,0.02148139476776123,0.019692538306117058,0.014522193931043148,-1.2246467991473532e-16,-1.4695761589768238e-16,0.8,0.12105822563171387,-0.5113526582717896,50.57333755493164,5
27.35165810585022,0.02148967608809471,0.019734034314751625,0.014539706520736217,-1.2246467991473532e-16,-1.4695761589768238e-16,0.8,0.1130417212843895,-0.5058335065841675,50.08545684814453,5
27.452426195144653,0.021616298705339432,0.01973402313888073,0.014517220668494701,-1.2246467991473532e-16,-1.4695761589768238e-16,0.8,0.10870195925235748,-0.5058438777923584,49.603092193603516,5
27.55295443534851,0.021643217653036118,0.01973179541528225,0.01448422484099865,-1.2246467991473532e-16,-1.4695761589768238e-16,0.8,0.1086369976401329,-0.5043238401412964,49.12491989135742,5
27.653902292251587,0.021512554958462715,0.01970256306231022,0.014491064473986626,-1.2246467991473532e-16,-1.4695761589768238e-16,0.8,0.10988195985555649,-0.5049678087234497,48.64784240722656,5
27.754374980926514,0.02149091847240925,0.01972169056534767,0.014499437995254993,-1.2246467991473532e-16,-1.4695761589768238e-16,0.8,0.10531759262084961,-0.505321741104126,48.1837043762207,5
27.854966640472412,0.02149440534412861,0.01971307210624218,0.01450706273317337,-1.2246467991473532e-16,-1.4695761589768238e-16,0.8,0.10046107321977615,-0.5050283670425415,47.72289276123047,5
27.955532550811768,0.02151791751384735,0.019727759063243866,0.01452306192368269,-1.2246467991473532e-16,-1.4695761589768238e-16,0.8,0.09699799865484238,-0.5070409774780273,47.26121520996094,5
28.05636501312256,0.021617425605654716,0.019740736111998558,0.01451188139617443,-1.2246467991473532e-16,-1.4695761589768238e-16,0.8,0.093571737408638,-0.506292998790741,46.803733825683594,5
28.15677523612976,0.02149338833987713,0.01972348615527153,0.014492725022137165,-1.2246467991473532e-16,-1.4695761589768238e-16,0.8,0.09523148089647293,-0.5053219199180603,46.35044860839844,5
28.25740385055542,0.021438006311655045,0.01973315328359604,0.014503831043839455,-1.2246467991473532e-16,-1.4695761589768238e-16,0.8,0.09236696362495422,-0.5067612528800964,45.8988037109375,5
28.359229564666748,0.021434061229228973,0.019772851839661598,0.014512881636619568,-1.2246467991473532e-16,-1.4695761589768238e-16,0.8,0.08931645005941391,-0.5047245621681213,45.454715728759766,5
28.459625244140625,0.021500414237380028,0.019793804734945297,0.01451537199318409,-1.2246467991473532e-16,-1.4695761589768238e-16,0.8,0.08613583445549011,-0.5034655332565308,45.016876220703125,5
28.559998273849487,0.021449673920869827,0.019801003858447075,0.014505582861602306,-1.2246467991473532e-16,-1.4695761589768238e-16,0.8,0.08197236806154251,-0.5014113187789917,44.58230209350586,5
28.66058921813965,0.021459383890032768,0.01980062946677208,0.01452737208455801,-1.2246467991473532e-16,-1.4695761589768238e-16,0.8,0.07801293581724167,-0.4951721429824829,44.15059280395508,5
28.761259078979492,0.02147546410560608,0.01977132447063923,0.014458962716162205,-1.2246467991473532e-16,-1.4695761589768238e-16,0.8,0.07358085364103317,-0.49313852190971375,43.72072219848633,5
28.861937999725342,0.021467134356498718,0.019786646589636803,0.014429185539484024,-1.2246467991473532e-16,-1.4695761589768238e-16,0.8,0.07165082544088364,-0.49240463972091675,43.298824310302734,5
28.962315320968628,0.021443555131554604,0.01980646885931492,0.014452997595071793,-1.2246467991473532e-16,-1.4695761589768238e-16,0.8,0.07034489512443542,-0.4949130713939667,42.876869201660156,5
29.06270122528076,0.02155841514468193,0.019807444885373116,0.014467979781329632,-1.2246467991473532e-16,-1.4695761589768238e-16,0.8,0.07240449637174606,-0.48981237411499023,42.4608154296875,5
29.163162231445312,0.021599657833576202,0.01980661228299141,0.014483993873000145,-1.2246467991473532e-16,-1.4695761589768238e-16,0.8,0.07157804816961288,-0.4883667826652527,42.091617584228516,5
29.26352596282959,0.021591797471046448,0.01980770193040371,0.014479915611445904,-1.2246467991473532e-16,-1.4695761589768238e-16,0.8,0.0677867904305458,-0.4876407980918884,41.68224334716797,5
29.364010334014893,0.021547401323914528,0.019795915111899376,0.014414140023291111,-1.2246467991473532e-16,-1.4695761589768238e-16,0.8,0.06513854116201401,-0.4816298484802246,41.27529525756836,5
29.46442484855652,0.021517755463719368,0.01980808563530445,0.01445805560797453,-1.2246467991473532e-16,-1.4695761589768238e-16,0.8,0.06242161616683006,-0.4812214970588684,40.87141418457031,5
29.564980030059814,0.021536557003855705,0.01983187161386013,0.01448559109121561,-1.2246467991473532e-16,-1.4695761589768238e-16,0.8,0.06015554070472717,-0.4827328324317932,40.08041763305664,5
29.665767431259155,0.021519212052226067,0.019836129620671272,0.014436524361371994,-1.2246467991473532e-16,-1.4695761589768238e-16,0.8,0.057604070752859116,-0.48111337423324585,39.68872833251953,5
29.76609230041504,0.021526187658309937,0.019830135628581047,0.014414340257644653,-1.2246467991473532e-16,-1.4695761589768238e-16,0.8,0.058328237384557724,-0.47661542892456055,39.29953384399414,5
29.866662979125977,0.021540580317378044,0.019842300564050674,0.014389276504516602,-1.2246467991473532e-16,-1.4695761589768238e-16,0.8,0.05705784261226654,-0.4750242531299591,38.91725158691406,5
29.96746253967285,0.021422069519758224,0.019875390455126762,0.014431033283472061,-1.2246467991473532e-16,-1.4695761589768238e-16,0.8,0.06985215097665787,-0.4840077757835388,38.539939880371094,5
30.068121671676636,0.021545350551605225,0.019875288009643555,0.014470201916992664,-1.2246467991473532e-16,-1.4695761589768238e-16,0.8,0.06483099609613419,-0.4781755805015564,38.163055419921875,5
30.168899059295654,0.02152424491941929,0.01986077055335045,0.014422832056879997,-1.2246467991473532e-16,-1.4695761589768238e-16,0.8,0.06467282027006149,-0.47652667760849,37.79149627685547,5
30.269692182540894,0.02152043767273426,0.019854292273521423,0.014434722252190113,-1.2246467991473532e-16,-1.4695761589768238e-16,0.8,0.05979321524500847,-0.47276580333709717,37.422367095947266,5
30.370176076889038,0.021408723667263985,0.01987440139055252,0.014469694346189499,-1.2246467991473532e-16,-1.4695761589768238e-16,0.8,0.060249824076890945,-0.4729074239730835,37.056678771972656,5
30.470900297164917,0.021409567445516586,0.019861117005348206,0.014441418461501598,-1.2246467991473532e-16,-1.4695761589768238e-16,0.8,0.0573015958070755,-0.472457617521286,36.69442367553711,5
30.57140040397644,0.021515408530831337,0.019841019064188004,0.014436903409659863,-1.2246467991473532e-16,-1.4695761589768238e-16,0.8,0.05804377794265747,-0.47268956899642944,36.3363037109375,5
30.67212748527527,0.021533122286200523,0.019812773913145065,0.014364675618708134,-1.2246467991473532e-16,-1.4695761589768238e-16,0.8,0.0558658167719841,-0.4690040946006775,35.980342864990234,5
30.772579193115234,0.02152617834508419,0.019821543246507645,0.014340674504637718,-1.2246467991473532e-16,-1.4695761589768238e-16,0.8,0.05375586450099945,-0.46100273728370667,35.63127136230469,5
30.873077154159546,0.021418526768684387,0.019850129261612892,0.014380412176251411,-1.2246467991473532e-16,-1.4695761589768238e-16,0.8,0.052589301019907,-0.4567319452762604,35.28337097167969,5
30.973386764526367,0.021404067054390907,0.019853994250297546,0.014345609582960606,-1.2246467991473532e-16,-1.4695761589768238e-16,0.8,0.053601887077093124,-0.4609571695327759,34.938785552978516,5
31.073769092559814,0.02147519402205944,0.01982521452009678,0.014357690699398518,-1.2246467991473532e-16,-1.4695761589768238e-16,0.8,0.05228683724999428,-0.4633105993270874,34.59471893310547,5
31.174203157424927,0.02154664508998394,0.019795561209321022,0.014307646080851555,-1.2246467991473532e-16,-1.4695761589768238e-16,0.8,0.05170648172497749,-0.45839375257492065,34.25334548950195,5
31.274710416793823,0.021399158984422684,0.01980540156364441,0.014291256666183472,-1.2246467991473532e-16,-1.4695761589768238e-16,0.8,0.05041030794382095,-0.45894476771354675,33.9170036315918,5
31.375335693359375,0.021373506635427475,0.019826719537377357,0.014252375811338425,-1.2246467991473532e-16,-1.4695761589768238e-16,0.8,0.04798826575279236,-0.4527319073677063,33.58736801147461,5
31.47567391395569,0.02138565294444561,0.01983652077615261,0.014308272860944271,-1.2246467991473532e-16,-1.4695761589768238e-16,0.8,0.049339648336172104,-0.4492422640323639,33.25959014892578,5
31.576685667037964,0.021535132080316544,0.019798919558525085,0.01431144680827856,-1.2246467991473532e-16,-1.4695761589768238e-16,0.8,0.046635206788778305,-0.44738057255744934,32.93263626098633,5
31.67816925048828,0.02142724022269249,0.019824089482426643,0.014311106875538826,-1.2246467991473532e-16,-1.4695761589768238e-16,0.8,0.04721474274992943,-0.44885769486427307,32.60976791381836,5
31.77880334854126,0.021451596170663834,0.01984855905175209,0.014374969527125359,-1.2246467991473532e-16,-1.4695761589768238e-16,0.8,0.04712509736418724,-0.4463910162448883,32.286983489990234,5
31.879636764526367,0.02142568863928318,0.01984320394694805,0.014322326518595219,-1.2246467991473532e-16,-1.4695761589768238e-16,0.8,0.04683474823832512,-0.44802355766296387,31.97366714477539,5
31.979989528656006,0.02139163389801979,0.019838746637105942,0.01427269447594881,-1.2246467991473532e-16,-1.4695761589768238e-16,0.8,0.04705369099974632,-0.4468356966972351,31.661258697509766,5
32.0805299282074,0.021462492644786835,0.019833413884043694,0.014255419373512268,-1.2246467991473532e-16,-1.4695761589768238e-16,0.8,0.053565509617328644,-0.44548311829566956,31.349647521972656,5
32.180964946746826,0.02139856666326523,0.0198528915643692,0.014289598912000656,-1.2246467991473532e-16,-1.4695761589768238e-16,0.8,0.05136338993906975,-0.44400838017463684,31.042436599731445,5
32.281336069107056,0.021391594782471657,0.019862771034240723,0.014397252351045609,-1.2246467991473532e-16,-1.4695761589768238e-16,0.8,0.05143596976995468,-0.4501873552799225,30.735698699951172,5
32.38184070587158,0.021364519372582436,0.019847244024276733,0.014323911629617214,-1.2246467991473532e-16,-1.4695761589768238e-16,0.8,0.05050758644938469,-0.4498540163040161,30.43562889099121,5
32.482186794281006,0.021412286907434464,0.01983240433037281,0.014291209168732166,-1.2246467991473532e-16,-1.4695761589768238e-16,0.8,0.04692753404378891,-0.44597184658050537,30.134902954101562,5
32.58265686035156,0.021492840722203255,0.01981404609978199,0.01425254438072443,-1.2246467991473532e-16,-1.4695761589768238e-16,0.8,0.04593377560377121,-0.449356347322464,29.87306022644043,5
32.683000564575195,0.02150273136794567,0.019824594259262085,0.014276118017733097,-1.2246467991473532e-16,-1.4695761589768238e-16,0.8,0.0478498674929142,-0.44682836532592773,29.580324172973633,5
32.784132957458496,0.021458568051457405,0.019829221069812775,0.014251642860472202,-1.2246467991473532e-16,-1.4695761589768238e-16,0.8,0.048199109733104706,-0.4440918266773224,29.29022979736328,5
32.8845636844635,0.021478982642292976,0.019856341183185577,0.014244724065065384,-1.2246467991473532e-16,-1.4695761589768238e-16,0.8,0.04554189369082451,-0.44077885150909424,29.003454208374023,5
32.985143184661865,0.021408068016171455,0.0199201088398695,0.014303195290267467,-1.2246467991473532e-16,-1.4695761589768238e-16,0.8,0.05516885593533516,-0.4510040283203125,28.7233829498291,5
33.08546781539917,0.021508794277906418,0.019876543432474136,0.014299657195806503,-1.2246467991473532e-16,-1.4695761589768238e-16,0.8,0.06053470820188522,-0.45660629868507385,28.43988609313965,5
33.185911417007446,0.021523570641875267,0.019841590896248817,0.0142873115837574,-1.2246467991473532e-16,-1.4695761589768238e-16,0.8,0.058029189705848694,-0.4510626792907715,28.16279411315918,5
33.28631353378296,0.02152175083756447,0.019835151731967926,0.014248562045395374,-1.2246467991473532e-16,-1.4695761589768238e-16,0.8,0.055875908583402634,-0.45414918661117554,27.885107040405273,5
33.38671016693115,0.02152017317712307,0.01986856572329998,0.014312440529465675,-1.2246467991473532e-16,-1.4695761589768238e-16,0.8,0.05780143290758133,-0.4527263045310974,27.609790802001953,5
33.48839592933655,0.02143091894686222,0.01989302597939968,0.014288093894720078,-1.2246467991473532e-16,-1.4695761589768238e-16,0.8,0.06392263621091843,-0.4598369598388672,27.337032318115234,5
33.58900189399719,0.021507298573851585,0.019857926294207573,0.014286397956311703,-1.2246467991473532e-16,-1.4695761589768238e-16,0.8,0.059998251497745514,-0.4575168788433075,27.068449020385742,5
33.68967843055725,0.021526239812374115,0.019824465736746788,0.014298001304268837,-1.2246467991473532e-16,-1.4695761589768238e-16,0.8,0.056095220148563385,-0.4564949870109558,26.8048095703125,5
33.79008913040161,0.021551568061113358,0.019808782264590263,0.014300928451120853,-1.2246467991473532e-16,-1.4695761589768238e-16,0.8,0.058089982718229294,-0.45547643303871155,26.54160499572754,5
33.890460729599,0.021555019542574883,0.019814863801002502,0.014275562949478626,-1.2246467991473532e-16,-1.4695761589768238e-16,0.8,0.054715801030397415,-0.45244333148002625,26.282644271850586,5
33.99115443229675,0.02144852839410305,0.019887544214725494,0.01431521400809288,-1.2246467991473532e-16,-1.4695761589768238e-16,0.8,0.05210576206445694,-0.45124831795692444,26.026565551757812,5
34.09168481826782,0.021490100771188736,0.019841432571411133,0.014276205562055111,-1.2246467991473532e-16,-1.4695761589768238e-16,0.8,0.05819195508956909,-0.4583433270454407,25.772279739379883,5
34.19233179092407,0.021547865122556686,0.019815873354673386,0.014286634512245655,-1.2246467991473532e-16,-1.4695761589768238e-16,0.8,0.055620260536670685,-0.455456405878067,25.516468048095703,5
34.292707204818726,0.021551743149757385,0.01984298788011074,0.014272010885179043,-1.2246467991473532e-16,-1.4695761589768238e-16,0.8,0.05448116362094879,-0.4512280523777008,25.268157958984375,5
34.393094301223755,0.02143007703125477,0.01992177776992321,0.014314600266516209,-1.2246467991473532e-16,-1.4695761589768238e-16,0.8,0.053900569677352905,-0.44622454047203064,25.017417907714844,5
34.4939444065094,0.02140905149281025,0.019921954721212387,0.01428369339555502,-1.2246467991473532e-16,-1.4695761589768238e-16,0.8,0.0553663931787014,-0.44245246052742004,24.771276473999023,5
34.59432649612427,0.02141607739031315,0.01991311088204384,0.01428740844130516,-1.2246467991473532e-16,-1.4695761589768238e-16,0.8,0.05185897275805473,-0.4393656253814697,24.5297794342041,5
34.694809913635254,0.021525561809539795,0.019846631214022636,0.014291579835116863,-1.2246467991473532e-16,-1.4695761589768238e-16,0.8,0.04985465109348297,-0.4463355839252472,24.28822898864746,5
34.795451164245605,0.021528199315071106,0.019828615710139275,0.014278403483331203,-1.2246467991473532e-16,-1.4695761589768238e-16,0.8,0.04795374348759651,-0.44690608978271484,24.051671981811523,5
34.89977550506592,0.021396782249212265,0.01991594396531582,0.014355883933603764,-1.2246467991473532e-16,-1.4695761589768238e-16,0.8,0.048410575836896896,-0.4412302076816559,23.81332778930664,5
35.00029373168945,0.02137574553489685,0.01991630159318447,0.014316374436020851,-1.2246467991473532e-16,-1.4695761589768238e-16,0.8,0.046757955104112625,-0.43554630875587463,23.57694435119629,5
35.10078287124634,0.021405642852187157,0.019932445138692856,0.014307016506791115,-1.2246467991473532e-16,-1.4695761589768238e-16,0.8,0.04472919926047325,-0.43611571192741394,23.345701217651367,5
35.20129108428955,0.021434422582387924,0.01995479129254818,0.014346398413181305,-1.2246467991473532e-16,-1.4695761589768238e-16,0.8,0.047396719455718994,-0.4312586784362793,23.113872528076172,5
35.3017373085022,0.0213930681347847,0.019972745329141617,0.014321218244731426,-1.2246467991473532e-16,-1.4695761589768238e-16,0.8,0.04541365057229996,-0.4300985336303711,22.888967514038086,5
35.402310609817505,0.021438641473650932,0.019909601658582687,0.014255515299737453,-1.2246467991473532e-16,-1.4695761589768238e-16,0.8,0.05452846735715866,-0.44460329413414,22.66632652282715,5
35.502652168273926,0.021399084478616714,0.019915655255317688,0.01426111813634634,-1.2246467991473532e-16,-1.4695761589768238e-16,0.8,0.051677022129297256,-0.43774864077568054,22.440189361572266,5
35.60299491882324,0.021400511264801025,0.019930340349674225,0.014298168942332268,-1.2246467991473532e-16,-1.4695761589768238e-16,0.8,0.050258275121450424,-0.4305345416069031,22.21946907043457,5
35.70364236831665,0.02138346992433071,0.019917726516723633,0.014248557388782501,-1.2246467991473532e-16,-1.4695761589768238e-16,0.8,0.05193134397268295,-0.429564505815506,21.99833869934082,5
35.80442571640015,0.021385353058576584,0.019924791529774666,0.014281985349953175,-1.2246467991473532e-16,-1.4695761589768238e-16,0.8,0.04989617317914963,-0.42892712354660034,21.78200340270996,5
35.90475940704346,0.0214161928743124,0.01993318647146225,0.01428773533552885,-1.2246467991473532e-16,-1.4695761589768238e-16,0.8,0.052190378308296204,-0.4242066740989685,21.5660343170166,5
36.00516200065613,0.021524325013160706,0.019909217953681946,0.014259778894484043,-1.2246467991473532e-16,-1.4695761589768238e-16,0.8,0.05069812014698982,-0.4236110746860504,21.354267120361328,5
36.105706453323364,0.021563483402132988,0.01988144777715206,0.014271467924118042,-1.2246467991473532e-16,-1.4695761589768238e-16,0.8,0.047803159803152084,-0.4224395751953125,21.168338775634766,5
36.206467151641846,0.02155323326587677,0.01987071894109249,0.014301754534244537,-1.2246467991473532e-16,-1.4695761589768238e-16,0.8,0.0443032830953598,-0.422563374042511,20.959333419799805,5
36.30690050125122,0.021558841690421104,0.01988157629966736,0.014280611649155617,-1.2246467991473532e-16,-1.4695761589768238e-16,0.8,0.046339552849531174,-0.42023929953575134,20.750240325927734,5
36.40739583969116,0.02154999040067196,0.01986212097108364,0.01426547858864069,-1.2246467991473532e-16,-1.4695761589768238e-16,0.8,0.04475107789039612,-0.413659006357193,20.54659080505371,5
36.50818943977356,0.021508701145648956,0.01986651122570038,0.014273947104811668,-1.2246467991473532e-16,-1.4695761589768238e-16,0.8,0.040096137672662735,-0.4166848659515381,20.343822479248047,5
36.608559131622314,0.02154671587049961,0.019843198359012604,0.01427209097892046,-1.2246467991473532e-16,-1.4695761589768238e-16,0.8,0.04146534577012062,-0.4162115156650543,20.141569137573242,5
36.709222078323364,0.02152240090072155,0.019859232008457184,0.014265812002122402,-1.2246467991473532e-16,-1.4695761589768238e-16,0.8,0.03948116675019264,-0.4105561077594757,19.94195556640625,5
36.80960559844971,0.021516654640436172,0.019872190430760384,0.01428689993917942,-1.2246467991473532e-16,-1.4695761589768238e-16,0.8,0.040981341153383255,-0.41236260533332825,19.744035720825195,5
36.91020393371582,0.021351119503378868,0.01995428092777729,0.014299408532679081,-1.2246467991473532e-16,-1.4695761589768238e-16,0.8,0.040372636169195175,-0.41460496187210083,19.546161651611328,5
37.01067280769348,0.021475084125995636,0.01991998963057995,0.014266297221183777,-1.2246467991473532e-16,-1.4695761589768238e-16,0.8,0.05417924374341965,-0.433580607175827,19.352909088134766,5
37.111419916152954,0.021558329463005066,0.019924627617001534,0.01429741457104683,-1.2246467991473532e-16,-1.4695761589768238e-16,0.8,0.052476365119218826,-0.4331471025943756,19.16196060180664,5
37.21195864677429,0.02154690772294998,0.0199289433658123,0.014288912527263165,-1.2246467991473532e-16,-1.4695761589768238e-16,0.8,0.05399687960743904,-0.438040554523468,18.967817306518555,5
37.31261706352234,0.021395200863480568,0.020030010491609573,0.014362690970301628,-1.2246467991473532e-16,-1.4695761589768238e-16,0.8,0.05473759025335312,-0.43777623772621155,18.776308059692383,5
37.41295909881592,0.02141464687883854,0.020022621378302574,0.014333806931972504,-1.2246467991473532e-16,-1.4695761589768238e-16,0.8,0.05694923549890518,-0.4348592162132263,18.590417861938477,5
37.51332473754883,0.02153538167476654,0.019930951297283173,0.014283797703683376,-1.2246467991473532e-16,-1.4695761589768238e-16,0.8,0.06187185272574425,-0.43807390332221985,18.408235549926758,5
37.613937854766846,0.021559055894613266,0.01989705115556717,0.014283018186688423,-1.2246467991473532e-16,-1.4695761589768238e-16,0.8,0.05969961732625961,-0.44009706377983093,18.229610443115234,5
37.71460461616516,0.021420026198029518,0.01995062828063965,0.014266861602663994,-1.2246467991473532e-16,-1.4695761589768238e-16,0.8,0.06210615858435631,-0.4386333227157593,18.05051040649414,5
37.815266609191895,0.021464461460709572,0.019912846386432648,0.014272038824856281,-1.2246467991473532e-16,-1.4695761589768238e-16,0.8,0.06063982471823692,-0.4357358515262604,17.871644973754883,5
37.9157178401947,0.021724674850702286,0.019951026886701584,0.014727558940649033,-1.2246467991473532e-16,-1.4695761589768238e-16,0.8,0.07382475584745407,-0.4579973518848419,17.69431495666504,5
38.016376972198486,0.02179497480392456,0.019938688725233078,0.014809567481279373,-1.2246467991473532e-16,-1.4695761589768238e-16,0.8,0.0759710818529129,-0.4555610120296478,17.517850875854492,5
38.11679267883301,0.021676575765013695,0.019975757226347923,0.014736208133399487,-1.2246467991473532e-16,-1.4695761589768238e-16,0.8,0.07588490843772888,-0.45823177695274353,17.343629837036133,5
38.21798253059387,0.02144232951104641,0.019562097266316414,0.013196747750043869,-1.2246467991473532e-16,-1.4695761589768238e-16,0.8,0.09214366972446442,-0.4607815146446228,17.17290496826172,5
38.3186297416687,0.0214566458016634,0.019779719412326813,0.013605399057269096,-1.2246467991473532e-16,-1.4695761589768238e-16,0.8,0.08882661163806915,-0.4555237591266632,17.005762100219727,5
38.419259786605835,0.021473504602909088,0.01964815892279148,0.013186703436076641,-1.2246467991473532e-16,-1.4695761589768238e-16,0.8,0.08895105868577957,-0.4492938220500946,16.836732864379883,5
38.519994258880615,0.021534821018576622,0.0194872859865427,0.013103962875902653,-1.2246467991473532e-16,-1.4695761589768238e-16,0.8,0.08637453615665436,-0.44490256905555725,16.66798973083496,5
38.620723724365234,0.021524939686059952,0.019365647807717323,0.01303903665393591,-1.2246467991473532e-16,-1.4695761589768238e-16,0.8,0.09236596524715424,-0.44861698150634766,16.502552032470703,5
38.72141671180725,0.021413858979940414,0.019429750740528107,0.013107521459460258,-1.2246467991473532e-16,-1.4695761589768238e-16,0.8,0.09261532872915268,-0.4488370418548584,16.33652687072754,5
38.82183289527893,0.021443238481879234,0.01943560317158699,0.013164011761546135,-1.2246467991473532e-16,-1.4695761589768238e-16,0.8,0.09511580318212509,-0.4391763508319855,16.175735473632812,5
38.92244219779968,0.021293548867106438,0.019352881237864494,0.012937596999108791,-1.2246467991473532e-16,-1.4695761589768238e-16,0.8,0.09458275884389877,-0.4302355945110321,16.02071762084961,5
39.02324962615967,0.021426724269986153,0.01952148973941803,0.013115604408085346,-1.2246467991473532e-16,-1.4695761589768238e-16,0.8,0.10977789014577866,-0.4449397921562195,15.859776496887207,5
39.123867988586426,0.01963748037815094,0.021047506481409073,0.015087147243320942,-1.2246467991473532e-16,-1.4695761589768238e-16,0.8,1.841659665107727,-0.8937598466873169,13.820772171020508,5
39.22456908226013,0.023098228499293327,0.015599983744323254,0.030426397919654846,-1.2246467991473532e-16,-1.4695761589768238e-16,0.8,6.989709377288818,-9.428484916687012,-2.1599268913269043,5
39.325111865997314,0.017919771373271942,0.0040453774854540825,0.04388277605175972,-1.2246467991473532e-16,-1.4695761589768238e-16,0.8,3.9446909427642822,-9.541014671325684,-31.88987159729004,5
39.42582154273987,0.01025338564068079,0.002244202420115471,0.05046236142516136,-1.2246467991473532e-16,-1.4695761589768238e-16,0.8,-9.289247512817383,-22.6313533782959,-72.57813262939453,5
39.52655339241028,0.016488634049892426,0.011277534998953342,0.03926074877381325,-1.2246467991473532e-16,-1.4695761589768238e-16,0.8,-16.850133895874023,-20.05282211303711,-97.96905517578125,5
39.6277642250061,0.020879818126559258,0.014723092317581177,0.024316919967532158,-1.2246467991473532e-16,-1.4695761589768238e-16,0.8,-27.33843421936035,-9.20490837097168,-114.24933624267578,5
39.72866201400757,0.024128209799528122,0.01746639795601368,0.005467633716762066,-1.2246467991473532e-16,-1.4695761589768238e-16,0.8,-30.422231674194336,1.2428206205368042,-122.98222351074219,5
39.82967209815979,0.02444806881248951,0.01789598912000656,-0.006188048981130123,-1.2246467991473532e-16,-1.4695761589768238e-16,0.8,-27.00900650024414,6.243459224700928,-127.68251037597656,5
39.93073320388794,0.02313411608338356,0.015996338799595833,-0.005926144775003195,-1.2246467991473532e-16,-1.4695761589768238e-16,0.8,-18.637056350708008,10.251668930053711,-136.272216796875,5
40.031365633010864,0.022243602201342583,0.017152193933725357,-0.008746787905693054,-1.2246467991473532e-16,-1.4695761589768238e-16,0.8,-13.131138801574707,11.326744079589844,-143.9152374267578,5
40.13199591636658,0.024676715955138206,0.019799934700131416,0.0021885214373469353,-1.2246467991473532e-16,-1.4695761589768238e-16,0.8,-13.643531799316406,13.209354400634766,-147.02000427246094,5
40.23342847824097,0.02589823119342327,0.024523958563804626,0.005617386661469936,-1.2246467991473532e-16,-1.4695761589768238e-16,0.8,-12.639406204223633,15.049166679382324,-151.130859375,5
40.334373235702515,0.028032803907990456,0.025964483618736267,0.005786194000393152,-1.2246467991473532e-16,-1.4695761589768238e-16,0.8,-14.528318405151367,16.682958602905273,-152.75244140625,5
40.43500566482544,0.02743997424840927,0.02296331338584423,0.003399618435651064,-1.2246467991473532e-16,-1.4695761589768238e-16,0.8,-14.267049789428711,16.48322868347168,-155.0489959716797,5
40.53671908378601,0.025510435923933983,0.01773686707019806,0.004475743044167757,-1.2246467991473532e-16,-1.4695761589768238e-16,0.8,-11.100232124328613,16.2199649810791,-158.89935302734375,5
40.63788866996765,0.0212568212300539,0.014948478899896145,0.009993942454457283,-1.2246467991473532e-16,-1.4695761589768238e-16,0.8,-6.541154384613037,15.881875991821289,-164.32391357421875,5
40.73849582672119,0.017243172973394394,0.02209099382162094,0.018087880685925484,-1.2246467991473532e-16,-1.4695761589768238e-16,0.8,-4.534395217895508,13.391495704650879,-167.49920654296875,5
40.839677810668945,0.015023108571767807,0.026411496102809906,0.016055293381214142,-1.2246467991473532e-16,-1.4695761589768238e-16,0.8,-8.384344100952148,13.609621047973633,-169.22019958496094,5
40.94084572792053,0.015239112079143524,0.02656378597021103,0.008986834436655045,-1.2246467991473532e-16,-1.4695761589768238e-16,0.8,-10.694001197814941,13.325815200805664,-171.87213134765625,5
41.04194688796997,0.014934554696083069,0.02325977012515068,0.00465253135189414,-1.2246467991473532e-16,-1.4695761589768238e-16,0.8,-10.738764762878418,13.062545776367188,-173.44985961914062,5
41.14267420768738,0.016371313482522964,0.019533930346369743,0.013565613888204098,-1.2246467991473532e-16,-1.4695761589768238e-16,0.8,-8.62804126739502,13.515569686889648,-174.2407684326172,5
41.24354815483093,0.018794473260641098,0.021516384556889534,0.02299056574702263,-1.2246467991473532e-16,-1.4695761589768238e-16,0.8,-8.425311088562012,15.597359657287598,-174.1695098876953,5
41.34457612037659,0.018794473260641098,0.021516384556889534,0.02299056574702263,-1.2246467991473532e-16,-1.4695761589768238e-16,0.8,-8.425311088562012,15.597359657287598,-174.1695098876953,5
41.44633769989014,0.018794473260641098,0.021516384556889534,0.02299056574702263,-1.2246467991473532e-16,-1.4695761589768238e-16,0.8,-8.425311088562012,15.597359657287598,-174.1695098876953,5
41.54820537567139,0.018794473260641098,0.021516384556889534,0.02299056574702263,-1.2246467991473532e-16,-1.4695761589768238e-16,0.8,-8.425311088562012,15.597359657287598,-174.1695098876953,5
41.649176597595215,0.018794473260641098,0.021516384556889534,0.02299056574702263,-1.2246467991473532e-16,-1.4695761589768238e-16,0.8,-8.425311088562012,15.597359657287598,-174.1695098876953,5
41.750067949295044,0.018794473260641098,0.021516384556889534,0.02299056574702263,-1.2246467991473532e-16,-1.4695761589768238e-16,0.8,-8.425311088562012,15.597359657287598,-174.1695098876953,5
41.851043701171875,0.018794473260641098,0.021516384556889534,0.02299056574702263,-1.2246467991473532e-16,-1.4695761589768238e-16,0.8,-8.425311088562012,15.597359657287598,-174.1695098876953,5
41.95203948020935,0.018794473260641098,0.021516384556889534,0.02299056574702263,-1.2246467991473532e-16,-1.4695761589768238e-16,0.8,-8.425311088562012,15.597359657287598,-174.1695098876953,5
42.05300259590149,0.018794473260641098,0.021516384556889534,0.02299056574702263,-1.2246467991473532e-16,-1.4695761589768238e-16,0.8,-8.425311088562012,15.597359657287598,-174.1695098876953,5
42.15400981903076,0.018794473260641098,0.021516384556889534,0.02299056574702263,-1.2246467991473532e-16,-1.4695761589768238e-16,0.8,-8.425311088562012,15.597359657287598,-174.1695098876953,5
42.254900217056274,0.018794473260641098,0.021516384556889534,0.02299056574702263,-1.2246467991473532e-16,-1.4695761589768238e-16,0.8,-8.425311088562012,15.597359657287598,-174.1695098876953,5
42.35572123527527,0.018794473260641098,0.021516384556889534,0.02299056574702263,-1.2246467991473532e-16,-1.4695761589768238e-16,0.8,-8.425311088562012,15.597359657287598,-174.1695098876953,5
42.456520795822144,0.018794473260641098,0.021516384556889534,0.02299056574702263,-1.2246467991473532e-16,-1.4695761589768238e-16,0.8,-8.425311088562012,15.597359657287598,-174.1695098876953,5
42.55715823173523,0.018794473260641098,0.021516384556889534,0.02299056574702263,-1.2246467991473532e-16,-1.4695761589768238e-16,0.8,-8.425311088562012,15.597359657287598,-174.1695098876953,5
42.6581130027771,0.018794473260641098,0.021516384556889534,0.02299056574702263,-1.2246467991473532e-16,-1.4695761589768238e-16,0.8,-8.425311088562012,15.597359657287598,-174.1695098876953,5
42.75892686843872,0.018794473260641098,0.021516384556889534,0.02299056574702263,-1.2246467991473532e-16,-1.4695761589768238e-16,0.8,-8.425311088562012,15.597359657287598,-174.1695098876953,5
42.8596293926239,0.018794473260641098,0.021516384556889534,0.02299056574702263,-1.2246467991473532e-16,-1.4695761589768238e-16,0.8,-8.425311088562012,15.597359657287598,-174.1695098876953,5
42.96039605140686,0.018794473260641098,0.021516384556889534,0.02299056574702263,-1.2246467991473532e-16,-1.4695761589768238e-16,0.8,-8.425311088562012,15.597359657287598,-174.1695098876953,5
43.06129479408264,0.018794473260641098,0.021516384556889534,0.02299056574702263,-1.2246467991473532e-16,-1.4695761589768238e-16,0.8,-8.425311088562012,15.597359657287598,-174.1695098876953,5
43.16221284866333,0.018794473260641098,0.021516384556889534,0.02299056574702263,-1.2246467991473532e-16,-1.4695761589768238e-16,0.8,-8.425311088562012,15.597359657287598,-174.1695098876953,5
43.26311683654785,0.018794473260641098,0.021516384556889534,0.02299056574702263,-1.2246467991473532e-16,-1.4695761589768238e-16,0.8,-8.425311088562012,15.597359657287598,-174.1695098876953,5
43.363980293273926,0.018794473260641098,0.021516384556889534,0.02299056574702263,-1.2246467991473532e-16,-1.4695761589768238e-16,0.8,-8.425311088562012,15.597359657287598,-174.1695098876953,5
43.46480679512024,0.018794473260641098,0.021516384556889534,0.02299056574702263,-1.2246467991473532e-16,-1.4695761589768238e-16,0.8,-8.425311088562012,15.597359657287598,-174.1695098876953,5
43.56554818153381,0.018794473260641098,0.021516384556889534,0.02299056574702263,-1.2246467991473532e-16,-1.4695761589768238e-16,0.8,-8.425311088562012,15.597359657287598,-174.1695098876953,5
43.66717314720154,0.018794473260641098,0.021516384556889534,0.02299056574702263,-1.2246467991473532e-16,-1.4695761589768238e-16,0.8,-8.425311088562012,15.597359657287598,-174.1695098876953,5
43.76777195930481,0.018794473260641098,0.021516384556889534,0.02299056574702263,-1.2246467991473532e-16,-1.4695761589768238e-16,0.8,-8.425311088562012,15.597359657287598,-174.1695098876953,5
43.868494749069214,0.018794473260641098,0.021516384556889534,0.02299056574702263,-1.2246467991473532e-16,-1.4695761589768238e-16,0.8,-8.425311088562012,15.597359657287598,-174.1695098876953,5
43.969533920288086,0.018794473260641098,0.021516384556889534,0.02299056574702263,-1.2246467991473532e-16,-1.4695761589768238e-16,0.8,-8.425311088562012,15.597359657287598,-174.1695098876953,5
44.07073473930359,0.018794473260641098,0.021516384556889534,0.02299056574702263,-1.2246467991473532e-16,-1.4695761589768238e-16,0.8,-8.425311088562012,15.597359657287598,-174.1695098876953,5
44.17157697677612,0.018794473260641098,0.021516384556889534,0.02299056574702263,-1.2246467991473532e-16,-1.4695761589768238e-16,0.8,-8.425311088562012,15.597359657287598,-174.1695098876953,5
44.272385597229004,0.018794473260641098,0.021516384556889534,0.02299056574702263,-1.2246467991473532e-16,-1.4695761589768238e-16,0.8,-8.425311088562012,15.597359657287598,-174.1695098876953,5
44.373350620269775,0.018794473260641098,0.021516384556889534,0.02299056574702263,-1.2246467991473532e-16,-1.4695761589768238e-16,0.8,-8.425311088562012,15.597359657287598,-174.1695098876953,5
44.474300146102905,0.018794473260641098,0.021516384556889534,0.02299056574702263,-1.2246467991473532e-16,-1.4695761589768238e-16,0.8,-8.425311088562012,15.597359657287598,-174.1695098876953,5
44.57501983642578,0.018794473260641098,0.021516384556889534,0.02299056574702263,-1.2246467991473532e-16,-1.4695761589768238e-16,0.8,-8.425311088562012,15.597359657287598,-174.1695098876953,5
44.67650508880615,0.018794473260641098,0.021516384556889534,0.02299056574702263,-1.2246467991473532e-16,-1.4695761589768238e-16,0.8,-8.425311088562012,15.597359657287598,-174.1695098876953,5
44.77792048454285,0.018794473260641098,0.021516384556889534,0.02299056574702263,-1.2246467991473532e-16,-1.4695761589768238e-16,0.8,-8.425311088562012,15.597359657287598,-174.1695098876953,5
44.878984212875366,0.018794473260641098,0.021516384556889534,0.02299056574702263,-1.2246467991473532e-16,-1.4695761589768238e-16,0.8,-8.425311088562012,15.597359657287598,-174.1695098876953,5
44.9797568321228,0.018794473260641098,0.021516384556889534,0.02299056574702263,-1.2246467991473532e-16,-1.4695761589768238e-16,0.8,-8.425311088562012,15.597359657287598,-174.1695098876953,5
45.080507040023804,0.018794473260641098,0.021516384556889534,0.02299056574702263,-1.2246467991473532e-16,-1.4695761589768238e-16,0.8,-8.425311088562012,15.597359657287598,-174.1695098876953,5
45.18116641044617,0.018794473260641098,0.021516384556889534,0.02299056574702263,-1.2246467991473532e-16,-1.4695761589768238e-16,0.8,-8.425311088562012,15.597359657287598,-174.1695098876953,5
45.2819139957428,0.018794473260641098,0.021516384556889534,0.02299056574702263,-1.2246467991473532e-16,-1.4695761589768238e-16,0.8,-8.425311088562012,15.597359657287598,-174.1695098876953,5
45.3828387260437,0.018794473260641098,0.021516384556889534,0.02299056574702263,-1.2246467991473532e-16,-1.4695761589768238e-16,0.8,-8.425311088562012,15.597359657287598,-174.1695098876953,5
45.48374152183533,0.018794473260641098,0.021516384556889534,0.02299056574702263,-1.2246467991473532e-16,-1.4695761589768238e-16,0.8,-8.425311088562012,15.597359657287598,-174.1695098876953,5
45.584611892700195,0.018794473260641098,0.021516384556889534,0.02299056574702263,-1.2246467991473532e-16,-1.4695761589768238e-16,0.8,-8.425311088562012,15.597359657287598,-174.1695098876953,5
45.685317277908325,0.018794473260641098,0.021516384556889534,0.02299056574702263,-1.2246467991473532e-16,-1.4695761589768238e-16,0.8,-8.425311088562012,15.597359657287598,-174.1695098876953,5
45.7861545085907,0.018794473260641098,0.021516384556889534,0.02299056574702263,-1.2246467991473532e-16,-1.4695761589768238e-16,0.8,-8.425311088562012,15.597359657287598,-174.1695098876953,5
45.887470722198486,0.018794473260641098,0.021516384556889534,0.02299056574702263,-1.2246467991473532e-16,-1.4695761589768238e-16,0.8,-8.425311088562012,15.597359657287598,-174.1695098876953,5
45.98825263977051,0.018794473260641098,0.021516384556889534,0.02299056574702263,-1.2246467991473532e-16,-1.4695761589768238e-16,0.8,-8.425311088562012,15.597359657287598,-174.1695098876953,5
46.08898138999939,0.018794473260641098,0.021516384556889534,0.02299056574702263,-1.2246467991473532e-16,-1.4695761589768238e-16,0.8,-8.425311088562012,15.597359657287598,-174.1695098876953,5
46.189693212509155,0.018794473260641098,0.021516384556889534,0.02299056574702263,-1.2246467991473532e-16,-1.4695761589768238e-16,0.8,-8.425311088562012,15.597359657287598,-174.1695098876953,5
46.29037690162659,0.018794473260641098,0.021516384556889534,0.02299056574702263,-1.2246467991473532e-16,-1.4695761589768238e-16,0.8,-8.425311088562012,15.597359657287598,-174.1695098876953,5
46.391263008117676,0.018794473260641098,0.021516384556889534,0.02299056574702263,-1.2246467991473532e-16,-1.4695761589768238e-16,0.8,-8.425311088562012,15.597359657287598,-174.1695098876953,5
46.49196743965149,0.018794473260641098,0.021516384556889534,0.02299056574702263,-1.2246467991473532e-16,-1.4695761589768238e-16,0.8,-8.425311088562012,15.597359657287598,-174.1695098876953,5
46.59274768829346,0.018794473260641098,0.021516384556889534,0.02299056574702263,-1.2246467991473532e-16,-1.4695761589768238e-16,0.8,-8.425311088562012,15.597359657287598,-174.1695098876953,5
46.69357180595398,0.018794473260641098,0.021516384556889534,0.02299056574702263,-1.2246467991473532e-16,-1.4695761589768238e-16,0.8,-8.425311088562012,15.597359657287598,-174.1695098876953,5
46.794305086135864,0.018794473260641098,0.021516384556889534,0.02299056574702263,-1.2246467991473532e-16,-1.4695761589768238e-16,0.8,-8.425311088562012,15.597359657287598,-174.1695098876953,5
46.895289182662964,0.018794473260641098,0.021516384556889534,0.02299056574702263,-1.2246467991473532e-16,-1.4695761589768238e-16,0.8,-8.425311088562012,15.597359657287598,-174.1695098876953,5
46.996264696121216,0.018794473260641098,0.021516384556889534,0.02299056574702263,-1.2246467991473532e-16,-1.4695761589768238e-16,0.8,-8.425311088562012,15.597359657287598,-174.1695098876953,5
47.09761452674866,0.018794473260641098,0.021516384556889534,0.02299056574702263,-1.2246467991473532e-16,-1.4695761589768238e-16,0.8,-8.425311088562012,15.597359657287598,-174.1695098876953,5
47.198456048965454,0.018794473260641098,0.021516384556889534,0.02299056574702263,-1.2246467991473532e-16,-1.4695761589768238e-16,0.8,-8.425311088562012,15.597359657287598,-174.1695098876953,5
47.2992742061615,0.018794473260641098,0.021516384556889534,0.02299056574702263,-1.2246467991473532e-16,-1.4695761589768238e-16,0.8,-8.425311088562012,15.597359657287598,-174.1695098876953,5
47.400224924087524,0.018794473260641098,0.021516384556889534,0.02299056574702263,-1.2246467991473532e-16,-1.4695761589768238e-16,0.8,-8.425311088562012,15.597359657287598,-174.1695098876953,5
47.500712871551514,0.018794473260641098,0.021516384556889534,0.02299056574702263,-1.2246467991473532e-16,-1.4695761589768238e-16,0.8,-8.425311088562012,15.597359657287598,-174.1695098876953,5
47.601590156555176,0.018794473260641098,0.021516384556889534,0.02299056574702263,-1.2246467991473532e-16,-1.4695761589768238e-16,0.8,-8.425311088562012,15.597359657287598,-174.1695098876953,5
47.702391386032104,0.018794473260641098,0.021516384556889534,0.02299056574702263,-1.2246467991473532e-16,-1.4695761589768238e-16,0.8,-8.425311088562012,15.597359657287598,-174.1695098876953,5
47.80320334434509,0.018794473260641098,0.021516384556889534,0.02299056574702263,-1.2246467991473532e-16,-1.4695761589768238e-16,0.8,-8.425311088562012,15.597359657287598,-174.1695098876953,5
47.9040105342865,0.018794473260641098,0.021516384556889534,0.02299056574702263,-1.2246467991473532e-16,-1.4695761589768238e-16,0.8,-8.425311088562012,15.597359657287598,-174.1695098876953,5
48.00462579727173,0.018794473260641098,0.021516384556889534,0.02299056574702263,-1.2246467991473532e-16,-1.4695761589768238e-16,0.8,-8.425311088562012,15.597359657287598,-174.1695098876953,5
48.10515546798706,0.018794473260641098,0.021516384556889534,0.02299056574702263,-1.2246467991473532e-16,-1.4695761589768238e-16,0.8,-8.425311088562012,15.597359657287598,-174.1695098876953,5
48.206387758255005,0.018794473260641098,0.021516384556889534,0.02299056574702263,-1.2246467991473532e-16,-1.4695761589768238e-16,0.8,-8.425311088562012,15.597359657287598,-174.1695098876953,5
48.30758309364319,0.018794473260641098,0.021516384556889534,0.02299056574702263,-1.2246467991473532e-16,-1.4695761589768238e-16,0.8,-8.425311088562012,15.597359657287598,-174.1695098876953,5
48.408411502838135,0.018794473260641098,0.021516384556889534,0.02299056574702263,-1.2246467991473532e-16,-1.4695761589768238e-16,0.8,-8.425311088562012,15.597359657287598,-174.1695098876953,5
48.509382486343384,0.018794473260641098,0.021516384556889534,0.02299056574702263,-1.2246467991473532e-16,-1.4695761589768238e-16,0.8,-8.425311088562012,15.597359657287598,-174.1695098876953,5
48.61037254333496,0.018794473260641098,0.021516384556889534,0.02299056574702263,-1.2246467991473532e-16,-1.4695761589768238e-16,0.8,-8.425311088562012,15.597359657287598,-174.1695098876953,5
48.71118092536926,0.018794473260641098,0.021516384556889534,0.02299056574702263,-1.2246467991473532e-16,-1.4695761589768238e-16,0.8,-8.425311088562012,15.597359657287598,-174.1695098876953,5
48.811954498291016,0.018794473260641098,0.021516384556889534,0.02299056574702263,-1.2246467991473532e-16,-1.4695761589768238e-16,0.8,-8.425311088562012,15.597359657287598,-174.1695098876953,5
48.91289782524109,0.018794473260641098,0.021516384556889534,0.02299056574702263,-1.2246467991473532e-16,-1.4695761589768238e-16,0.8,-8.425311088562012,15.597359657287598,-174.1695098876953,5
49.01431465148926,0.018794473260641098,0.021516384556889534,0.02299056574702263,-1.2246467991473532e-16,-1.4695761589768238e-16,0.8,-8.425311088562012,15.597359657287598,-174.1695098876953,5
49.11483812332153,0.018794473260641098,0.021516384556889534,0.02299056574702263,-1.2246467991473532e-16,-1.4695761589768238e-16,0.8,-8.425311088562012,15.597359657287598,-174.1695098876953,5
49.21593880653381,0.018794473260641098,0.021516384556889534,0.02299056574702263,-1.2246467991473532e-16,-1.4695761589768238e-16,0.8,-8.425311088562012,15.597359657287598,-174.1695098876953,5
49.31712818145752,0.018794473260641098,0.021516384556889534,0.02299056574702263,-1.2246467991473532e-16,-1.4695761589768238e-16,0.8,-8.425311088562012,15.597359657287598,-174.1695098876953,5
49.41788721084595,0.018794473260641098,0.021516384556889534,0.02299056574702263,-1.2246467991473532e-16,-1.4695761589768238e-16,0.8,-8.425311088562012,15.597359657287598,-174.1695098876953,5
49.51859760284424,0.018794473260641098,0.021516384556889534,0.02299056574702263,-1.2246467991473532e-16,-1.4695761589768238e-16,0.8,-8.425311088562012,15.597359657287598,-174.1695098876953,5
49.61932682991028,0.018794473260641098,0.021516384556889534,0.02299056574702263,-1.2246467991473532e-16,-1.4695761589768238e-16,0.8,-8.425311088562012,15.597359657287598,-174.1695098876953,5
49.720284938812256,0.018794473260641098,0.021516384556889534,0.02299056574702263,-1.2246467991473532e-16,-1.4695761589768238e-16,0.8,-8.425311088562012,15.597359657287598,-174.1695098876953,5
49.821232318878174,0.018794473260641098,0.021516384556889534,0.02299056574702263,-1.2246467991473532e-16,-1.4695761589768238e-16,0.8,-8.425311088562012,15.597359657287598,-174.1695098876953,5
49.92220687866211,0.018794473260641098,0.021516384556889534,0.02299056574702263,-1.2246467991473532e-16,-1.4695761589768238e-16,0.8,-8.425311088562012,15.597359657287598,-174.1695098876953,5
50.02302527427673,0.018794473260641098,0.021516384556889534,0.02299056574702263,-1.2246467991473532e-16,-1.4695761589768238e-16,0.8,-8.425311088562012,15.597359657287598,-174.1695098876953,5
50.123841524124146,0.018794473260641098,0.021516384556889534,0.02299056574702263,-1.2246467991473532e-16,-1.4695761589768238e-16,0.8,-8.425311088562012,15.597359657287598,-174.1695098876953,5
50.22484564781189,0.018794473260641098,0.021516384556889534,0.02299056574702263,-1.2246467991473532e-16,-1.4695761589768238e-16,0.8,-8.425311088562012,15.597359657287598,-174.1695098876953,5
50.326159715652466,0.018794473260641098,0.021516384556889534,0.02299056574702263,-1.2246467991473532e-16,-1.4695761589768238e-16,0.8,-8.425311088562012,15.597359657287598,-174.1695098876953,5
50.42765736579895,0.018794473260641098,0.021516384556889534,0.02299056574702263,-1.2246467991473532e-16,-1.4695761589768238e-16,0.8,-8.425311088562012,15.597359657287598,-174.1695098876953,5
50.52845907211304,0.018794473260641098,0.021516384556889534,0.02299056574702263,-1.2246467991473532e-16,-1.4695761589768238e-16,0.8,-8.425311088562012,15.597359657287598,-174.1695098876953,5
50.62917876243591,0.018794473260641098,0.021516384556889534,0.02299056574702263,-1.2246467991473532e-16,-1.4695761589768238e-16,0.8,-8.425311088562012,15.597359657287598,-174.1695098876953,5
50.73023200035095,0.018794473260641098,0.021516384556889534,0.02299056574702263,-1.2246467991473532e-16,-1.4695761589768238e-16,0.8,-8.425311088562012,15.597359657287598,-174.1695098876953,5
50.83114981651306,0.018794473260641098,0.021516384556889534,0.02299056574702263,-1.2246467991473532e-16,-1.4695761589768238e-16,0.8,-8.425311088562012,15.597359657287598,-174.1695098876953,5
50.932098627090454,0.018794473260641098,0.021516384556889534,0.02299056574702263,-1.2246467991473532e-16,-1.4695761589768238e-16,0.8,-8.425311088562012,15.597359657287598,-174.1695098876953,5
51.0330445766449,0.018794473260641098,0.021516384556889534,0.02299056574702263,-1.2246467991473532e-16,-1.4695761589768238e-16,0.8,-8.425311088562012,15.597359657287598,-174.1695098876953,5
51.1337513923645,0.018794473260641098,0.021516384556889534,0.02299056574702263,-1.2246467991473532e-16,-1.4695761589768238e-16,0.8,-8.425311088562012,15.597359657287598,-174.1695098876953,5
51.23460006713867,0.018794473260641098,0.021516384556889534,0.02299056574702263,-1.2246467991473532e-16,-1.4695761589768238e-16,0.8,-8.425311088562012,15.597359657287598,-174.1695098876953,5
51.33554482460022,0.018794473260641098,0.021516384556889534,0.02299056574702263,-1.2246467991473532e-16,-1.4695761589768238e-16,0.8,-8.425311088562012,15.597359657287598,-174.1695098876953,5
51.437206983566284,0.018794473260641098,0.021516384556889534,0.02299056574702263,-1.2246467991473532e-16,-1.4695761589768238e-16,0.8,-8.425311088562012,15.597359657287598,-174.1695098876953,5
51.538084983825684,0.018794473260641098,0.021516384556889534,0.02299056574702263,-1.2246467991473532e-16,-1.4695761589768238e-16,0.8,-8.425311088562012,15.597359657287598,-174.1695098876953,5
51.638808488845825,0.018794473260641098,0.021516384556889534,0.02299056574702263,-1.2246467991473532e-16,-1.4695761589768238e-16,0.8,-8.425311088562012,15.597359657287598,-174.1695098876953,5
51.73958492279053,0.018794473260641098,0.021516384556889534,0.02299056574702263,-1.2246467991473532e-16,-1.4695761589768238e-16,0.8,-8.425311088562012,15.597359657287598,-174.1695098876953,5
51.84054732322693,0.018794473260641098,0.021516384556889534,0.02299056574702263,-1.2246467991473532e-16,-1.4695761589768238e-16,0.8,-8.425311088562012,15.597359657287598,-174.1695098876953,5
51.94147276878357,0.018794473260641098,0.021516384556889534,0.02299056574702263,-1.2246467991473532e-16,-1.4695761589768238e-16,0.8,-8.425311088562012,15.597359657287598,-174.1695098876953,5
52.042373180389404,0.018794473260641098,0.021516384556889534,0.02299056574702263,-1.2246467991473532e-16,-1.4695761589768238e-16,0.8,-8.425311088562012,15.597359657287598,-174.1695098876953,5
52.14329171180725,0.018794473260641098,0.021516384556889534,0.02299056574702263,-1.2246467991473532e-16,-1.4695761589768238e-16,0.8,-8.425311088562012,15.597359657287598,-174.1695098876953,5
52.244189739227295,0.018794473260641098,0.021516384556889534,0.02299056574702263,-1.2246467991473532e-16,-1.4695761589768238e-16,0.8,-8.425311088562012,15.597359657287598,-174.1695098876953,5
52.345927476882935,0.018794473260641098,0.021516384556889534,0.02299056574702263,-1.2246467991473532e-16,-1.4695761589768238e-16,0.8,-8.425311088562012,15.597359657287598,-174.1695098876953,5
52.44737935066223,0.018794473260641098,0.021516384556889534,0.02299056574702263,-1.2246467991473532e-16,-1.4695761589768238e-16,0.8,-8.425311088562012,15.597359657287598,-174.1695098876953,5
52.54828333854675,0.018794473260641098,0.021516384556889534,0.02299056574702263,-1.2246467991473532e-16,-1.4695761589768238e-16,0.8,-8.425311088562012,15.597359657287598,-174.1695098876953,5
52.649468660354614,0.018794473260641098,0.021516384556889534,0.02299056574702263,-1.2246467991473532e-16,-1.4695761589768238e-16,0.8,-8.425311088562012,15.597359657287598,-174.1695098876953,5
52.750630140304565,0.018794473260641098,0.021516384556889534,0.02299056574702263,-1.2246467991473532e-16,-1.4695761589768238e-16,0.8,-8.425311088562012,15.597359657287598,-174.1695098876953,5
52.851759910583496,0.018794473260641098,0.021516384556889534,0.02299056574702263,-1.2246467991473532e-16,-1.4695761589768238e-16,0.8,-8.425311088562012,15.597359657287598,-174.1695098876953,5
52.95279502868652,0.018794473260641098,0.021516384556889534,0.02299056574702263,-1.2246467991473532e-16,-1.4695761589768238e-16,0.8,-8.425311088562012,15.597359657287598,-174.1695098876953,5
53.054014444351196,0.018794473260641098,0.021516384556889534,0.02299056574702263,-1.2246467991473532e-16,-1.4695761589768238e-16,0.8,-8.425311088562012,15.597359657287598,-174.1695098876953,5
53.15498661994934,0.018794473260641098,0.021516384556889534,0.02299056574702263,-1.2246467991473532e-16,-1.4695761589768238e-16,0.8,-8.425311088562012,15.597359657287598,-174.1695098876953,5
53.25672006607056,0.018794473260641098,0.021516384556889534,0.02299056574702263,-1.2246467991473532e-16,-1.4695761589768238e-16,0.8,-8.425311088562012,15.597359657287598,-174.1695098876953,5
53.35771059989929,0.018794473260641098,0.021516384556889534,0.02299056574702263,-1.2246467991473532e-16,-1.4695761589768238e-16,0.8,-8.425311088562012,15.597359657287598,-174.1695098876953,5
53.45872688293457,0.018794473260641098,0.021516384556889534,0.02299056574702263,-1.2246467991473532e-16,-1.4695761589768238e-16,0.8,-8.425311088562012,15.597359657287598,-174.1695098876953,5
53.5596764087677,0.018794473260641098,0.021516384556889534,0.02299056574702263,-1.2246467991473532e-16,-1.4695761589768238e-16,0.8,-8.425311088562012,15.597359657287598,-174.1695098876953,5
53.660563230514526,0.018794473260641098,0.021516384556889534,0.02299056574702263,-1.2246467991473532e-16,-1.4695761589768238e-16,0.8,-8.425311088562012,15.597359657287598,-174.1695098876953,5
53.761552810668945,0.018794473260641098,0.021516384556889534,0.02299056574702263,-1.2246467991473532e-16,-1.4695761589768238e-16,0.8,-8.425311088562012,15.597359657287598,-174.1695098876953,5
53.862643241882324,0.018794473260641098,0.021516384556889534,0.02299056574702263,-1.2246467991473532e-16,-1.4695761589768238e-16,0.8,-8.425311088562012,15.597359657287598,-174.1695098876953,5
53.963560819625854,0.018794473260641098,0.021516384556889534,0.02299056574702263,-1.2246467991473532e-16,-1.4695761589768238e-16,0.8,-8.425311088562012,15.597359657287598,-174.1695098876953,5
54.064942836761475,0.018794473260641098,0.021516384556889534,0.02299056574702263,-1.2246467991473532e-16,-1.4695761589768238e-16,0.8,-8.425311088562012,15.597359657287598,-174.1695098876953,5
54.166385889053345,0.018794473260641098,0.021516384556889534,0.02299056574702263,-1.2246467991473532e-16,-1.4695761589768238e-16,0.8,-8.425311088562012,15.597359657287598,-174.1695098876953,5
54.26763415336609,0.018794473260641098,0.021516384556889534,0.02299056574702263,-1.2246467991473532e-16,-1.4695761589768238e-16,0.8,-8.425311088562012,15.597359657287598,-174.1695098876953,5
54.36870765686035,0.018794473260641098,0.021516384556889534,0.02299056574702263,-1.2246467991473532e-16,-1.4695761589768238e-16,0.8,-8.425311088562012,15.597359657287598,-174.1695098876953,5
54.46976137161255,0.018794473260641098,0.021516384556889534,0.02299056574702263,-1.2246467991473532e-16,-1.4695761589768238e-16,0.8,-8.425311088562012,15.597359657287598,-174.1695098876953,5
54.57093787193298,0.018794473260641098,0.021516384556889534,0.02299056574702263,-1.2246467991473532e-16,-1.4695761589768238e-16,0.8,-8.425311088562012,15.597359657287598,-174.1695098876953,5
54.67194366455078,0.018794473260641098,0.021516384556889534,0.02299056574702263,-1.2246467991473532e-16,-1.4695761589768238e-16,0.8,-8.425311088562012,15.597359657287598,-174.1695098876953,5
54.77285981178284,0.018794473260641098,0.021516384556889534,0.02299056574702263,-1.2246467991473532e-16,-1.4695761589768238e-16,0.8,-8.425311088562012,15.597359657287598,-174.1695098876953,5
54.87398076057434,0.018794473260641098,0.021516384556889534,0.02299056574702263,-1.2246467991473532e-16,-1.4695761589768238e-16,0.8,-8.425311088562012,15.597359657287598,-174.1695098876953,5
54.975698947906494,0.018794473260641098,0.021516384556889534,0.02299056574702263,-1.2246467991473532e-16,-1.4695761589768238e-16,0.8,-8.425311088562012,15.597359657287598,-174.1695098876953,5
55.0775260925293,0.018794473260641098,0.021516384556889534,0.02299056574702263,-1.2246467991473532e-16,-1.4695761589768238e-16,0.8,-8.425311088562012,15.597359657287598,-174.1695098876953,5
55.17856240272522,0.018794473260641098,0.021516384556889534,0.02299056574702263,-1.2246467991473532e-16,-1.4695761589768238e-16,0.8,-8.425311088562012,15.597359657287598,-174.1695098876953,5
55.27951788902283,0.018794473260641098,0.021516384556889534,0.02299056574702263,-1.2246467991473532e-16,-1.4695761589768238e-16,0.8,-8.425311088562012,15.597359657287598,-174.1695098876953,5
55.38035011291504,0.018794473260641098,0.021516384556889534,0.02299056574702263,-1.2246467991473532e-16,-1.4695761589768238e-16,0.8,-8.425311088562012,15.597359657287598,-174.1695098876953,5
55.48125195503235,0.018794473260641098,0.021516384556889534,0.02299056574702263,-1.2246467991473532e-16,-1.4695761589768238e-16,0.8,-8.425311088562012,15.597359657287598,-174.1695098876953,5
55.58219242095947,0.018794473260641098,0.021516384556889534,0.02299056574702263,-1.2246467991473532e-16,-1.4695761589768238e-16,0.8,-8.425311088562012,15.597359657287598,-174.1695098876953,5
55.68333888053894,0.018794473260641098,0.021516384556889534,0.02299056574702263,-1.2246467991473532e-16,-1.4695761589768238e-16,0.8,-8.425311088562012,15.597359657287598,-174.1695098876953,5
55.78434777259827,0.018794473260641098,0.021516384556889534,0.02299056574702263,-1.2246467991473532e-16,-1.4695761589768238e-16,0.8,-8.425311088562012,15.597359657287598,-174.1695098876953,5
55.88615107536316,0.018794473260641098,0.021516384556889534,0.02299056574702263,-1.2246467991473532e-16,-1.4695761589768238e-16,0.8,-8.425311088562012,15.597359657287598,-174.1695098876953,5
55.98747277259827,0.018794473260641098,0.021516384556889534,0.02299056574702263,-1.2246467991473532e-16,-1.4695761589768238e-16,0.8,-8.425311088562012,15.597359657287598,-174.1695098876953,5
56.08840250968933,0.018794473260641098,0.021516384556889534,0.02299056574702263,-1.2246467991473532e-16,-1.4695761589768238e-16,0.8,-8.425311088562012,15.597359657287598,-174.1695098876953,5
56.18948006629944,0.018794473260641098,0.021516384556889534,0.02299056574702263,-1.2246467991473532e-16,-1.4695761589768238e-16,0.8,-8.425311088562012,15.597359657287598,-174.1695098876953,5
56.29040884971619,0.018794473260641098,0.021516384556889534,0.02299056574702263,-1.2246467991473532e-16,-1.4695761589768238e-16,0.8,-8.425311088562012,15.597359657287598,-174.1695098876953,5
56.391539096832275,0.018794473260641098,0.021516384556889534,0.02299056574702263,-1.2246467991473532e-16,-1.4695761589768238e-16,0.8,-8.425311088562012,15.597359657287598,-174.1695098876953,5
56.49250507354736,0.018794473260641098,0.021516384556889534,0.02299056574702263,-1.2246467991473532e-16,-1.4695761589768238e-16,0.8,-8.425311088562012,15.597359657287598,-174.1695098876953,5
56.59357810020447,0.018794473260641098,0.021516384556889534,0.02299056574702263,-1.2246467991473532e-16,-1.4695761589768238e-16,0.8,-8.425311088562012,15.597359657287598,-174.1695098876953,5
56.69469141960144,0.018794473260641098,0.021516384556889534,0.02299056574702263,-1.2246467991473532e-16,-1.4695761589768238e-16,0.8,-8.425311088562012,15.597359657287598,-174.1695098876953,5
56.79571843147278,0.018794473260641098,0.021516384556889534,0.02299056574702263,-1.2246467991473532e-16,-1.4695761589768238e-16,0.8,-8.425311088562012,15.597359657287598,-174.1695098876953,5
56.89683818817139,0.018794473260641098,0.021516384556889534,0.02299056574702263,-1.2246467991473532e-16,-1.4695761589768238e-16,0.8,-8.425311088562012,15.597359657287598,-174.1695098876953,5
56.997880935668945,0.018794473260641098,0.021516384556889534,0.02299056574702263,-1.2246467991473532e-16,-1.4695761589768238e-16,0.8,-8.425311088562012,15.597359657287598,-174.1695098876953,5
57.0990891456604,0.018794473260641098,0.021516384556889534,0.02299056574702263,-1.2246467991473532e-16,-1.4695761589768238e-16,0.8,-8.425311088562012,15.597359657287598,-174.1695098876953,5
57.199743032455444,0.018794473260641098,0.021516384556889534,0.02299056574702263,-1.2246467991473532e-16,-1.4695761589768238e-16,0.8,-8.425311088562012,15.597359657287598,-174.1695098876953,5
57.30024456977844,0.018794473260641098,0.021516384556889534,0.02299056574702263,-1.2246467991473532e-16,-1.4695761589768238e-16,0.8,-8.425311088562012,15.597359657287598,-174.1695098876953,5
57.401180028915405,0.018794473260641098,0.021516384556889534,0.02299056574702263,-1.2246467991473532e-16,-1.4695761589768238e-16,0.8,-8.425311088562012,15.597359657287598,-174.1695098876953,5
57.50246548652649,0.018794473260641098,0.021516384556889534,0.02299056574702263,-1.2246467991473532e-16,-1.4695761589768238e-16,0.8,-8.425311088562012,15.597359657287598,-174.1695098876953,5
57.60625863075256,0.018794473260641098,0.021516384556889534,0.02299056574702263,-1.2246467991473532e-16,-1.4695761589768238e-16,0.8,-8.425311088562012,15.597359657287598,-174.1695098876953,5
57.70764660835266,0.018794473260641098,0.021516384556889534,0.02299056574702263,-1.2246467991473532e-16,-1.4695761589768238e-16,0.8,-8.425311088562012,15.597359657287598,-174.1695098876953,5
57.8086040019989,0.018794473260641098,0.021516384556889534,0.02299056574702263,-1.2246467991473532e-16,-1.4695761589768238e-16,0.8,-8.425311088562012,15.597359657287598,-174.1695098876953,5
57.9097421169281,0.018794473260641098,0.021516384556889534,0.02299056574702263,-1.2246467991473532e-16,-1.4695761589768238e-16,0.8,-8.425311088562012,15.597359657287598,-174.1695098876953,5
58.0109179019928,0.018794473260641098,0.021516384556889534,0.02299056574702263,-1.2246467991473532e-16,-1.4695761589768238e-16,0.8,-8.425311088562012,15.597359657287598,-174.1695098876953,5
58.112045764923096,0.018794473260641098,0.021516384556889534,0.02299056574702263,-1.2246467991473532e-16,-1.4695761589768238e-16,0.8,-8.425311088562012,15.597359657287598,-174.1695098876953,5
58.21308636665344,0.018794473260641098,0.021516384556889534,0.02299056574702263,-1.2246467991473532e-16,-1.4695761589768238e-16,0.8,-8.425311088562012,15.597359657287598,-174.1695098876953,5
58.31395220756531,0.018794473260641098,0.021516384556889534,0.02299056574702263,-1.2246467991473532e-16,-1.4695761589768238e-16,0.8,-8.425311088562012,15.597359657287598,-174.1695098876953,5
58.41500782966614,0.018794473260641098,0.021516384556889534,0.02299056574702263,-1.2246467991473532e-16,-1.4695761589768238e-16,0.8,-8.425311088562012,15.597359657287598,-174.1695098876953,5
58.51635193824768,0.018794473260641098,0.021516384556889534,0.02299056574702263,-1.2246467991473532e-16,-1.4695761589768238e-16,0.8,-8.425311088562012,15.597359657287598,-174.1695098876953,5
58.61725616455078,0.018794473260641098,0.021516384556889534,0.02299056574702263,-1.2246467991473532e-16,-1.4695761589768238e-16,0.8,-8.425311088562012,15.597359657287598,-174.1695098876953,5
58.71822166442871,0.018794473260641098,0.021516384556889534,0.02299056574702263,-1.2246467991473532e-16,-1.4695761589768238e-16,0.8,-8.425311088562012,15.597359657287598,-174.1695098876953,5
58.81933784484863,0.018794473260641098,0.021516384556889534,0.02299056574702263,-1.2246467991473532e-16,-1.4695761589768238e-16,0.8,-8.425311088562012,15.597359657287598,-174.1695098876953,5
58.92031741142273,0.018794473260641098,0.021516384556889534,0.02299056574702263,-1.2246467991473532e-16,-1.4695761589768238e-16,0.8,-8.425311088562012,15.597359657287598,-174.1695098876953,5
59.02115535736084,0.018794473260641098,0.021516384556889534,0.02299056574702263,-1.2246467991473532e-16,-1.4695761589768238e-16,0.8,-8.425311088562012,15.597359657287598,-174.1695098876953,5
59.12208437919617,0.018794473260641098,0.021516384556889534,0.02299056574702263,-1.2246467991473532e-16,-1.4695761589768238e-16,0.8,-8.425311088562012,15.597359657287598,-174.1695098876953,5
59.22299766540527,0.018794473260641098,0.021516384556889534,0.02299056574702263,-1.2246467991473532e-16,-1.4695761589768238e-16,0.8,-8.425311088562012,15.597359657287598,-174.1695098876953,5
59.323840618133545,0.018794473260641098,0.021516384556889534,0.02299056574702263,-1.2246467991473532e-16,-1.4695761589768238e-16,0.8,-8.425311088562012,15.597359657287598,-174.1695098876953,5
59.424752712249756,0.018794473260641098,0.021516384556889534,0.02299056574702263,-1.2246467991473532e-16,-1.4695761589768238e-16,0.8,-8.425311088562012,15.597359657287598,-174.1695098876953,5
59.52590823173523,0.018794473260641098,0.021516384556889534,0.02299056574702263,-1.2246467991473532e-16,-1.4695761589768238e-16,0.8,-8.425311088562012,15.597359657287598,-174.1695098876953,5
59.627204179763794,0.018794473260641098,0.021516384556889534,0.02299056574702263,-1.2246467991473532e-16,-1.4695761589768238e-16,0.8,-8.425311088562012,15.597359657287598,-174.1695098876953,5
59.72829484939575,0.018794473260641098,0.021516384556889534,0.02299056574702263,-1.2246467991473532e-16,-1.4695761589768238e-16,0.8,-8.425311088562012,15.597359657287598,-174.1695098876953,5
59.829302072525024,0.018794473260641098,0.021516384556889534,0.02299056574702263,-1.2246467991473532e-16,-1.4695761589768238e-16,0.8,-8.425311088562012,15.597359657287598,-174.1695098876953,5
59.93009901046753,0.018794473260641098,0.021516384556889534,0.02299056574702263,-1.2246467991473532e-16,-1.4695761589768238e-16,0.8,-8.425311088562012,15.597359657287598,-174.1695098876953,5
60.03093600273132,0.018794473260641098,0.021516384556889534,0.02299056574702263,-1.2246467991473532e-16,-1.4695761589768238e-16,0.8,-8.425311088562012,15.597359657287598,-174.1695098876953,5
60.13184356689453,0.018794473260641098,0.021516384556889534,0.02299056574702263,-1.2246467991473532e-16,-1.4695761589768238e-16,0.8,-8.425311088562012,15.597359657287598,-174.1695098876953,5
60.23272442817688,0.018794473260641098,0.021516384556889534,0.02299056574702263,-1.2246467991473532e-16,-1.4695761589768238e-16,0.8,-8.425311088562012,15.597359657287598,-174.1695098876953,5
60.33368635177612,0.018794473260641098,0.021516384556889534,0.02299056574702263,-1.2246467991473532e-16,-1.4695761589768238e-16,0.8,-8.425311088562012,15.597359657287598,-174.1695098876953,5
60.434587717056274,0.018794473260641098,0.021516384556889534,0.02299056574702263,-1.2246467991473532e-16,-1.4695761589768238e-16,0.8,-8.425311088562012,15.597359657287598,-174.1695098876953,5
60.53558158874512,0.018794473260641098,0.021516384556889534,0.02299056574702263,-1.2246467991473532e-16,-1.4695761589768238e-16,0.8,-8.425311088562012,15.597359657287598,-174.1695098876953,5
60.637251138687134,0.018794473260641098,0.021516384556889534,0.02299056574702263,-1.2246467991473532e-16,-1.4695761589768238e-16,0.8,-8.425311088562012,15.597359657287598,-174.1695098876953,5
60.73821568489075,0.018794473260641098,0.021516384556889534,0.02299056574702263,-1.2246467991473532e-16,-1.4695761589768238e-16,0.8,-8.425311088562012,15.597359657287598,-174.1695098876953,5
60.838927268981934,0.018794473260641098,0.021516384556889534,0.02299056574702263,-1.2246467991473532e-16,-1.4695761589768238e-16,0.8,-8.425311088562012,15.597359657287598,-174.1695098876953,5
60.93987464904785,0.018794473260641098,0.021516384556889534,0.02299056574702263,-1.2246467991473532e-16,-1.4695761589768238e-16,0.8,-8.425311088562012,15.597359657287598,-174.1695098876953,5
61.04082417488098,0.018794473260641098,0.021516384556889534,0.02299056574702263,-1.2246467991473532e-16,-1.4695761589768238e-16,0.8,-8.425311088562012,15.597359657287598,-174.1695098876953,5
61.14171290397644,0.018794473260641098,0.021516384556889534,0.02299056574702263,-1.2246467991473532e-16,-1.4695761589768238e-16,0.8,-8.425311088562012,15.597359657287598,-174.1695098876953,5
61.24246025085449,0.018794473260641098,0.021516384556889534,0.02299056574702263,-1.2246467991473532e-16,-1.4695761589768238e-16,0.8,-8.425311088562012,15.597359657287598,-174.1695098876953,5
61.34340953826904,0.018794473260641098,0.021516384556889534,0.02299056574702263,-1.2246467991473532e-16,-1.4695761589768238e-16,0.8,-8.425311088562012,15.597359657287598,-174.1695098876953,5
61.44432711601257,0.018794473260641098,0.021516384556889534,0.02299056574702263,-1.2246467991473532e-16,-1.4695761589768238e-16,0.8,-8.425311088562012,15.597359657287598,-174.1695098876953,5
61.54533243179321,0.018794473260641098,0.021516384556889534,0.02299056574702263,-1.2246467991473532e-16,-1.4695761589768238e-16,0.8,-8.425311088562012,15.597359657287598,-174.1695098876953,5
61.64655923843384,0.018794473260641098,0.021516384556889534,0.02299056574702263,-1.2246467991473532e-16,-1.4695761589768238e-16,0.8,-8.425311088562012,15.597359657287598,-174.1695098876953,5
61.747297048568726,0.018794473260641098,0.021516384556889534,0.02299056574702263,-1.2246467991473532e-16,-1.4695761589768238e-16,0.8,-8.425311088562012,15.597359657287598,-174.1695098876953,5
61.848024129867554,0.018794473260641098,0.021516384556889534,0.02299056574702263,-1.2246467991473532e-16,-1.4695761589768238e-16,0.8,-8.425311088562012,15.597359657287598,-174.1695098876953,5
61.94896960258484,0.018794473260641098,0.021516384556889534,0.02299056574702263,-1.2246467991473532e-16,-1.4695761589768238e-16,0.8,-8.425311088562012,15.597359657287598,-174.1695098876953,5
62.04998183250427,0.018794473260641098,0.021516384556889534,0.02299056574702263,-1.2246467991473532e-16,-1.4695761589768238e-16,0.8,-8.425311088562012,15.597359657287598,-174.1695098876953,5
62.15074849128723,0.018794473260641098,0.021516384556889534,0.02299056574702263,-1.2246467991473532e-16,-1.4695761589768238e-16,0.8,-8.425311088562012,15.597359657287598,-174.1695098876953,5
62.251481771469116,0.018794473260641098,0.021516384556889534,0.02299056574702263,-1.2246467991473532e-16,-1.4695761589768238e-16,0.8,-8.425311088562012,15.597359657287598,-174.1695098876953,5
62.35226631164551,0.018794473260641098,0.021516384556889534,0.02299056574702263,-1.2246467991473532e-16,-1.4695761589768238e-16,0.8,-8.425311088562012,15.597359657287598,-174.1695098876953,5
62.45306658744812,0.018794473260641098,0.021516384556889534,0.02299056574702263,-1.2246467991473532e-16,-1.4695761589768238e-16,0.8,-8.425311088562012,15.597359657287598,-174.1695098876953,5
62.55375909805298,0.018794473260641098,0.021516384556889534,0.02299056574702263,-1.2246467991473532e-16,-1.4695761589768238e-16,0.8,-8.425311088562012,15.597359657287598,-174.1695098876953,5
62.65768218040466,0.018794473260641098,0.021516384556889534,0.02299056574702263,-1.2246467991473532e-16,-1.4695761589768238e-16,0.8,-8.425311088562012,15.597359657287598,-174.1695098876953,5
62.758639097213745,0.018794473260641098,0.021516384556889534,0.02299056574702263,-1.2246467991473532e-16,-1.4695761589768238e-16,0.8,-8.425311088562012,15.597359657287598,-174.1695098876953,5
62.85968279838562,0.018794473260641098,0.021516384556889534,0.02299056574702263,-1.2246467991473532e-16,-1.4695761589768238e-16,0.8,-8.425311088562012,15.597359657287598,-174.1695098876953,5
62.960811376571655,0.018794473260641098,0.021516384556889534,0.02299056574702263,-1.2246467991473532e-16,-1.4695761589768238e-16,0.8,-8.425311088562012,15.597359657287598,-174.1695098876953,5
63.061888217926025,0.018794473260641098,0.021516384556889534,0.02299056574702263,-1.2246467991473532e-16,-1.4695761589768238e-16,0.8,-8.425311088562012,15.597359657287598,-174.1695098876953,5
63.16301226615906,0.018794473260641098,0.021516384556889534,0.02299056574702263,-1.2246467991473532e-16,-1.4695761589768238e-16,0.8,-8.425311088562012,15.597359657287598,-174.1695098876953,5
63.26403880119324,0.018794473260641098,0.021516384556889534,0.02299056574702263,-1.2246467991473532e-16,-1.4695761589768238e-16,0.8,-8.425311088562012,15.597359657287598,-174.1695098876953,5
63.36569833755493,0.018794473260641098,0.021516384556889534,0.02299056574702263,-1.2246467991473532e-16,-1.4695761589768238e-16,0.8,-8.425311088562012,15.597359657287598,-174.1695098876953,5
63.466732025146484,0.018794473260641098,0.021516384556889534,0.02299056574702263,-1.2246467991473532e-16,-1.4695761589768238e-16,0.8,-8.425311088562012,15.597359657287598,-174.1695098876953,5
63.567965507507324,0.018794473260641098,0.021516384556889534,0.02299056574702263,-1.2246467991473532e-16,-1.4695761589768238e-16,0.8,-8.425311088562012,15.597359657287598,-174.1695098876953,5
63.6689875125885,0.018794473260641098,0.021516384556889534,0.02299056574702263,-1.2246467991473532e-16,-1.4695761589768238e-16,0.8,-8.425311088562012,15.597359657287598,-174.1695098876953,5
63.76995134353638,0.018794473260641098,0.021516384556889534,0.02299056574702263,-1.2246467991473532e-16,-1.4695761589768238e-16,0.8,-8.425311088562012,15.597359657287598,-174.1695098876953,5
63.871074199676514,0.018794473260641098,0.021516384556889534,0.02299056574702263,-1.2246467991473532e-16,-1.4695761589768238e-16,0.8,-8.425311088562012,15.597359657287598,-174.1695098876953,5
63.972167015075684,0.018794473260641098,0.021516384556889534,0.02299056574702263,-1.2246467991473532e-16,-1.4695761589768238e-16,0.8,-8.425311088562012,15.597359657287598,-174.1695098876953,5
64.07328414916992,0.018794473260641098,0.021516384556889534,0.02299056574702263,-1.2246467991473532e-16,-1.4695761589768238e-16,0.8,-8.425311088562012,15.597359657287598,-174.1695098876953,5
64.17449021339417,0.018794473260641098,0.021516384556889534,0.02299056574702263,-1.2246467991473532e-16,-1.4695761589768238e-16,0.8,-8.425311088562012,15.597359657287598,-174.1695098876953,5
64.2757842540741,0.018794473260641098,0.021516384556889534,0.02299056574702263,-1.2246467991473532e-16,-1.4695761589768238e-16,0.8,-8.425311088562012,15.597359657287598,-174.1695098876953,5
64.37677502632141,0.018794473260641098,0.021516384556889534,0.02299056574702263,-1.2246467991473532e-16,-1.4695761589768238e-16,0.8,-8.425311088562012,15.597359657287598,-174.1695098876953,5
64.4777581691742,0.018794473260641098,0.021516384556889534,0.02299056574702263,-1.2246467991473532e-16,-1.4695761589768238e-16,0.8,-8.425311088562012,15.597359657287598,-174.1695098876953,5
64.57877159118652,0.018794473260641098,0.021516384556889534,0.02299056574702263,-1.2246467991473532e-16,-1.4695761589768238e-16,0.8,-8.425311088562012,15.597359657287598,-174.1695098876953,5
64.67990517616272,0.018794473260641098,0.021516384556889534,0.02299056574702263,-1.2246467991473532e-16,-1.4695761589768238e-16,0.8,-8.425311088562012,15.597359657287598,-174.1695098876953,5
64.78101873397827,0.018794473260641098,0.021516384556889534,0.02299056574702263,-1.2246467991473532e-16,-1.4695761589768238e-16,0.8,-8.425311088562012,15.597359657287598,-174.1695098876953,5
64.88220453262329,0.018794473260641098,0.021516384556889534,0.02299056574702263,-1.2246467991473532e-16,-1.4695761589768238e-16,0.8,-8.425311088562012,15.597359657287598,-174.1695098876953,5
64.98319578170776,0.018794473260641098,0.021516384556889534,0.02299056574702263,-1.2246467991473532e-16,-1.4695761589768238e-16,0.8,-8.425311088562012,15.597359657287598,-174.1695098876953,5
65.0843915939331,0.018794473260641098,0.021516384556889534,0.02299056574702263,-1.2246467991473532e-16,-1.4695761589768238e-16,0.8,-8.425311088562012,15.597359657287598,-174.1695098876953,5
65.18567681312561,0.018794473260641098,0.021516384556889534,0.02299056574702263,-1.2246467991473532e-16,-1.4695761589768238e-16,0.8,-8.425311088562012,15.597359657287598,-174.1695098876953,5
65.28683638572693,0.018794473260641098,0.021516384556889534,0.02299056574702263,-1.2246467991473532e-16,-1.4695761589768238e-16,0.8,-8.425311088562012,15.597359657287598,-174.1695098876953,5
65.38784193992615,0.018794473260641098,0.021516384556889534,0.02299056574702263,-1.2246467991473532e-16,-1.4695761589768238e-16,0.8,-8.425311088562012,15.597359657287598,-174.1695098876953,5
65.48878169059753,0.018794473260641098,0.021516384556889534,0.02299056574702263,-1.2246467991473532e-16,-1.4695761589768238e-16,0.8,-8.425311088562012,15.597359657287598,-174.1695098876953,5
65.58963370323181,0.018794473260641098,0.021516384556889534,0.02299056574702263,-1.2246467991473532e-16,-1.4695761589768238e-16,0.8,-8.425311088562012,15.597359657287598,-174.1695098876953,5
65.69076299667358,0.018794473260641098,0.021516384556889534,0.02299056574702263,-1.2246467991473532e-16,-1.4695761589768238e-16,0.8,-8.425311088562012,15.597359657287598,-174.1695098876953,5
65.79183459281921,0.018794473260641098,0.021516384556889534,0.02299056574702263,-1.2246467991473532e-16,-1.4695761589768238e-16,0.8,-8.425311088562012,15.597359657287598,-174.1695098876953,5
65.89293932914734,0.018794473260641098,0.021516384556889534,0.02299056574702263,-1.2246467991473532e-16,-1.4695761589768238e-16,0.8,-8.425311088562012,15.597359657287598,-174.1695098876953,5
65.99389982223511,0.018794473260641098,0.021516384556889534,0.02299056574702263,-1.2246467991473532e-16,-1.4695761589768238e-16,0.8,-8.425311088562012,15.597359657287598,-174.1695098876953,5
66.0950071811676,0.018794473260641098,0.021516384556889534,0.02299056574702263,-1.2246467991473532e-16,-1.4695761589768238e-16,0.8,-8.425311088562012,15.597359657287598,-174.1695098876953,5
66.19651484489441,0.018794473260641098,0.021516384556889534,0.02299056574702263,-1.2246467991473532e-16,-1.4695761589768238e-16,0.8,-8.425311088562012,15.597359657287598,-174.1695098876953,5
66.2973427772522,0.018794473260641098,0.021516384556889534,0.02299056574702263,-1.2246467991473532e-16,-1.4695761589768238e-16,0.8,-8.425311088562012,15.597359657287598,-174.1695098876953,5
66.39826464653015,0.018794473260641098,0.021516384556889534,0.02299056574702263,-1.2246467991473532e-16,-1.4695761589768238e-16,0.8,-8.425311088562012,15.597359657287598,-174.1695098876953,5
66.49898099899292,0.018794473260641098,0.021516384556889534,0.02299056574702263,-1.2246467991473532e-16,-1.4695761589768238e-16,0.8,-8.425311088562012,15.597359657287598,-174.1695098876953,5
66.59988927841187,0.018794473260641098,0.021516384556889534,0.02299056574702263,-1.2246467991473532e-16,-1.4695761589768238e-16,0.8,-8.425311088562012,15.597359657287598,-174.1695098876953,5
66.70069289207458,0.018794473260641098,0.021516384556889534,0.02299056574702263,-1.2246467991473532e-16,-1.4695761589768238e-16,0.8,-8.425311088562012,15.597359657287598,-174.1695098876953,5
66.80147790908813,0.018794473260641098,0.021516384556889534,0.02299056574702263,-1.2246467991473532e-16,-1.4695761589768238e-16,0.8,-8.425311088562012,15.597359657287598,-174.1695098876953,5
66.90261387825012,0.018794473260641098,0.021516384556889534,0.02299056574702263,-1.2246467991473532e-16,-1.4695761589768238e-16,0.8,-8.425311088562012,15.597359657287598,-174.1695098876953,5
67.00358414649963,0.018794473260641098,0.021516384556889534,0.02299056574702263,-1.2246467991473532e-16,-1.4695761589768238e-16,0.8,-8.425311088562012,15.597359657287598,-174.1695098876953,5
67.10460448265076,0.018794473260641098,0.021516384556889534,0.02299056574702263,-1.2246467991473532e-16,-1.4695761589768238e-16,0.8,-8.425311088562012,15.597359657287598,-174.1695098876953,5
67.20555901527405,0.018794473260641098,0.021516384556889534,0.02299056574702263,-1.2246467991473532e-16,-1.4695761589768238e-16,0.8,-8.425311088562012,15.597359657287598,-174.1695098876953,5
67.30724954605103,0.018794473260641098,0.021516384556889534,0.02299056574702263,-1.2246467991473532e-16,-1.4695761589768238e-16,0.8,-8.425311088562012,15.597359657287598,-174.1695098876953,5
67.40830254554749,0.018794473260641098,0.021516384556889534,0.02299056574702263,-1.2246467991473532e-16,-1.4695761589768238e-16,0.8,-8.425311088562012,15.597359657287598,-174.1695098876953,5
67.50925636291504,0.018794473260641098,0.021516384556889534,0.02299056574702263,-1.2246467991473532e-16,-1.4695761589768238e-16,0.8,-8.425311088562012,15.597359657287598,-174.1695098876953,5
67.61046195030212,0.018794473260641098,0.021516384556889534,0.02299056574702263,-1.2246467991473532e-16,-1.4695761589768238e-16,0.8,-8.425311088562012,15.597359657287598,-174.1695098876953,5
67.71436500549316,0.018794473260641098,0.021516384556889534,0.02299056574702263,-1.2246467991473532e-16,-1.4695761589768238e-16,0.8,-8.425311088562012,15.597359657287598,-174.1695098876953,5
67.81553840637207,0.018794473260641098,0.021516384556889534,0.02299056574702263,-1.2246467991473532e-16,-1.4695761589768238e-16,0.8,-8.425311088562012,15.597359657287598,-174.1695098876953,5
67.91653203964233,0.018794473260641098,0.021516384556889534,0.02299056574702263,-1.2246467991473532e-16,-1.4695761589768238e-16,0.8,-8.425311088562012,15.597359657287598,-174.1695098876953,5
68.01752185821533,0.018794473260641098,0.021516384556889534,0.02299056574702263,-1.2246467991473532e-16,-1.4695761589768238e-16,0.8,-8.425311088562012,15.597359657287598,-174.1695098876953,5
68.11870050430298,0.018794473260641098,0.021516384556889534,0.02299056574702263,-1.2246467991473532e-16,-1.4695761589768238e-16,0.8,-8.425311088562012,15.597359657287598,-174.1695098876953,5
68.2198224067688,0.018794473260641098,0.021516384556889534,0.02299056574702263,-1.2246467991473532e-16,-1.4695761589768238e-16,0.8,-8.425311088562012,15.597359657287598,-174.1695098876953,5
68.32098698616028,0.018794473260641098,0.021516384556889534,0.02299056574702263,-1.2246467991473532e-16,-1.4695761589768238e-16,0.8,-8.425311088562012,15.597359657287598,-174.1695098876953,5
68.42216992378235,0.018794473260641098,0.021516384556889534,0.02299056574702263,-1.2246467991473532e-16,-1.4695761589768238e-16,0.8,-8.425311088562012,15.597359657287598,-174.1695098876953,5
68.52333879470825,0.018794473260641098,0.021516384556889534,0.02299056574702263,-1.2246467991473532e-16,-1.4695761589768238e-16,0.8,-8.425311088562012,15.597359657287598,-174.1695098876953,5
68.62452483177185,0.018794473260641098,0.021516384556889534,0.02299056574702263,-1.2246467991473532e-16,-1.4695761589768238e-16,0.8,-8.425311088562012,15.597359657287598,-174.1695098876953,5
68.72548604011536,0.018794473260641098,0.021516384556889534,0.02299056574702263,-1.2246467991473532e-16,-1.4695761589768238e-16,0.8,-8.425311088562012,15.597359657287598,-174.1695098876953,5
68.82668805122375,0.018794473260641098,0.021516384556889534,0.02299056574702263,-1.2246467991473532e-16,-1.4695761589768238e-16,0.8,-8.425311088562012,15.597359657287598,-174.1695098876953,5
68.92764616012573,0.018794473260641098,0.021516384556889534,0.02299056574702263,-1.2246467991473532e-16,-1.4695761589768238e-16,0.8,-8.425311088562012,15.597359657287598,-174.1695098876953,5
69.02838563919067,0.018794473260641098,0.021516384556889534,0.02299056574702263,-1.2246467991473532e-16,-1.4695761589768238e-16,0.8,-8.425311088562012,15.597359657287598,-174.1695098876953,5
69.12912344932556,0.018794473260641098,0.021516384556889534,0.02299056574702263,-1.2246467991473532e-16,-1.4695761589768238e-16,0.8,-8.425311088562012,15.597359657287598,-174.1695098876953,5
69.23012375831604,0.018794473260641098,0.021516384556889534,0.02299056574702263,-1.2246467991473532e-16,-1.4695761589768238e-16,0.8,-8.425311088562012,15.597359657287598,-174.1695098876953,5
69.33097076416016,0.018794473260641098,0.021516384556889534,0.02299056574702263,-1.2246467991473532e-16,-1.4695761589768238e-16,0.8,-8.425311088562012,15.597359657287598,-174.1695098876953,5
69.43175029754639,0.018794473260641098,0.021516384556889534,0.02299056574702263,-1.2246467991473532e-16,-1.4695761589768238e-16,0.8,-8.425311088562012,15.597359657287598,-174.1695098876953,5
69.53269457817078,0.018794473260641098,0.021516384556889534,0.02299056574702263,-1.2246467991473532e-16,-1.4695761589768238e-16,0.8,-8.425311088562012,15.597359657287598,-174.1695098876953,5
69.63324809074402,0.018794473260641098,0.021516384556889534,0.02299056574702263,-1.2246467991473532e-16,-1.4695761589768238e-16,0.8,-8.425311088562012,15.597359657287598,-174.1695098876953,5
69.7341148853302,0.018794473260641098,0.021516384556889534,0.02299056574702263,-1.2246467991473532e-16,-1.4695761589768238e-16,0.8,-8.425311088562012,15.597359657287598,-174.1695098876953,5
69.83563089370728,0.018794473260641098,0.021516384556889534,0.02299056574702263,-1.2246467991473532e-16,-1.4695761589768238e-16,0.8,-8.425311088562012,15.597359657287598,-174.1695098876953,5
69.93643522262573,0.018794473260641098,0.021516384556889534,0.02299056574702263,-1.2246467991473532e-16,-1.4695761589768238e-16,0.8,-8.425311088562012,15.597359657287598,-174.1695098876953,5
70.03730607032776,0.018794473260641098,0.021516384556889534,0.02299056574702263,-1.2246467991473532e-16,-1.4695761589768238e-16,0.8,-8.425311088562012,15.597359657287598,-174.1695098876953,5
70.13820838928223,0.018794473260641098,0.021516384556889534,0.02299056574702263,-1.2246467991473532e-16,-1.4695761589768238e-16,0.8,-8.425311088562012,15.597359657287598,-174.1695098876953,5
70.23899126052856,0.018794473260641098,0.021516384556889534,0.02299056574702263,-1.2246467991473532e-16,-1.4695761589768238e-16,0.8,-8.425311088562012,15.597359657287598,-174.1695098876953,5
70.33992743492126,0.018794473260641098,0.021516384556889534,0.02299056574702263,-1.2246467991473532e-16,-1.4695761589768238e-16,0.8,-8.425311088562012,15.597359657287598,-174.1695098876953,5
70.44072890281677,0.018794473260641098,0.021516384556889534,0.02299056574702263,-1.2246467991473532e-16,-1.4695761589768238e-16,0.8,-8.425311088562012,15.597359657287598,-174.1695098876953,5
70.54153966903687,0.018794473260641098,0.021516384556889534,0.02299056574702263,-1.2246467991473532e-16,-1.4695761589768238e-16,0.8,-8.425311088562012,15.597359657287598,-174.1695098876953,5
70.64230465888977,0.018794473260641098,0.021516384556889534,0.02299056574702263,-1.2246467991473532e-16,-1.4695761589768238e-16,0.8,-8.425311088562012,15.597359657287598,-174.1695098876953,5
70.74302363395691,0.018794473260641098,0.021516384556889534,0.02299056574702263,-1.2246467991473532e-16,-1.4695761589768238e-16,0.8,-8.425311088562012,15.597359657287598,-174.1695098876953,5
70.84376192092896,0.018794473260641098,0.021516384556889534,0.02299056574702263,-1.2246467991473532e-16,-1.4695761589768238e-16,0.8,-8.425311088562012,15.597359657287598,-174.1695098876953,5
70.94477033615112,0.018794473260641098,0.021516384556889534,0.02299056574702263,-1.2246467991473532e-16,-1.4695761589768238e-16,0.8,-8.425311088562012,15.597359657287598,-174.1695098876953,5
71.04631280899048,0.018794473260641098,0.021516384556889534,0.02299056574702263,-1.2246467991473532e-16,-1.4695761589768238e-16,0.8,-8.425311088562012,15.597359657287598,-174.1695098876953,5
71.14704871177673,0.018794473260641098,0.021516384556889534,0.02299056574702263,-1.2246467991473532e-16,-1.4695761589768238e-16,0.8,-8.425311088562012,15.597359657287598,-174.1695098876953,5
71.24772763252258,0.018794473260641098,0.021516384556889534,0.02299056574702263,-1.2246467991473532e-16,-1.4695761589768238e-16,0.8,-8.425311088562012,15.597359657287598,-174.1695098876953,5
71.34849882125854,0.018794473260641098,0.021516384556889534,0.02299056574702263,-1.2246467991473532e-16,-1.4695761589768238e-16,0.8,-8.425311088562012,15.597359657287598,-174.1695098876953,5
71.44945406913757,0.018794473260641098,0.021516384556889534,0.02299056574702263,-1.2246467991473532e-16,-1.4695761589768238e-16,0.8,-8.425311088562012,15.597359657287598,-174.1695098876953,5
71.55045652389526,0.018794473260641098,0.021516384556889534,0.02299056574702263,-1.2246467991473532e-16,-1.4695761589768238e-16,0.8,-8.425311088562012,15.597359657287598,-174.1695098876953,5
71.6513819694519,0.018794473260641098,0.021516384556889534,0.02299056574702263,-1.2246467991473532e-16,-1.4695761589768238e-16,0.8,-8.425311088562012,15.597359657287598,-174.1695098876953,5
71.75236749649048,0.018794473260641098,0.021516384556889534,0.02299056574702263,-1.2246467991473532e-16,-1.4695761589768238e-16,0.8,-8.425311088562012,15.597359657287598,-174.1695098876953,5
71.85326623916626,0.018794473260641098,0.021516384556889534,0.02299056574702263,-1.2246467991473532e-16,-1.4695761589768238e-16,0.8,-8.425311088562012,15.597359657287598,-174.1695098876953,5
71.95449233055115,0.018794473260641098,0.021516384556889534,0.02299056574702263,-1.2246467991473532e-16,-1.4695761589768238e-16,0.8,-8.425311088562012,15.597359657287598,-174.1695098876953,5
72.05560040473938,0.018794473260641098,0.021516384556889534,0.02299056574702263,-1.2246467991473532e-16,-1.4695761589768238e-16,0.8,-8.425311088562012,15.597359657287598,-174.1695098876953,5
72.15660738945007,0.018794473260641098,0.021516384556889534,0.02299056574702263,-1.2246467991473532e-16,-1.4695761589768238e-16,0.8,-8.425311088562012,15.597359657287598,-174.1695098876953,5
72.25757098197937,0.018794473260641098,0.021516384556889534,0.02299056574702263,-1.2246467991473532e-16,-1.4695761589768238e-16,0.8,-8.425311088562012,15.597359657287598,-174.1695098876953,5
72.358558177948,0.018794473260641098,0.021516384556889534,0.02299056574702263,-1.2246467991473532e-16,-1.4695761589768238e-16,0.8,-8.425311088562012,15.597359657287598,-174.1695098876953,5
72.4597635269165,0.018794473260641098,0.021516384556889534,0.02299056574702263,-1.2246467991473532e-16,-1.4695761589768238e-16,0.8,-8.425311088562012,15.597359657287598,-174.1695098876953,5
72.56073880195618,0.018794473260641098,0.021516384556889534,0.02299056574702263,-1.2246467991473532e-16,-1.4695761589768238e-16,0.8,-8.425311088562012,15.597359657287598,-174.1695098876953,5
72.66165208816528,0.018794473260641098,0.021516384556889534,0.02299056574702263,-1.2246467991473532e-16,-1.4695761589768238e-16,0.8,-8.425311088562012,15.597359657287598,-174.1695098876953,5
72.76221632957458,0.018794473260641098,0.021516384556889534,0.02299056574702263,-1.2246467991473532e-16,-1.4695761589768238e-16,0.8,-8.425311088562012,15.597359657287598,-174.1695098876953,5
72.86294150352478,0.018794473260641098,0.021516384556889534,0.02299056574702263,-1.2246467991473532e-16,-1.4695761589768238e-16,0.8,-8.425311088562012,15.597359657287598,-174.1695098876953,5
72.9638876914978,0.018794473260641098,0.021516384556889534,0.02299056574702263,-1.2246467991473532e-16,-1.4695761589768238e-16,0.8,-8.425311088562012,15.597359657287598,-174.1695098876953,5
73.06483364105225,0.018794473260641098,0.021516384556889534,0.02299056574702263,-1.2246467991473532e-16,-1.4695761589768238e-16,0.8,-8.425311088562012,15.597359657287598,-174.1695098876953,5
73.1665186882019,0.018794473260641098,0.021516384556889534,0.02299056574702263,-1.2246467991473532e-16,-1.4695761589768238e-16,0.8,-8.425311088562012,15.597359657287598,-174.1695098876953,5
73.26737952232361,0.018794473260641098,0.021516384556889534,0.02299056574702263,-1.2246467991473532e-16,-1.4695761589768238e-16,0.8,-8.425311088562012,15.597359657287598,-174.1695098876953,5
73.3682370185852,0.018794473260641098,0.021516384556889534,0.02299056574702263,-1.2246467991473532e-16,-1.4695761589768238e-16,0.8,-8.425311088562012,15.597359657287598,-174.1695098876953,5
73.46950268745422,0.018794473260641098,0.021516384556889534,0.02299056574702263,-1.2246467991473532e-16,-1.4695761589768238e-16,0.8,-8.425311088562012,15.597359657287598,-174.1695098876953,5
73.57033252716064,0.018794473260641098,0.021516384556889534,0.02299056574702263,-1.2246467991473532e-16,-1.4695761589768238e-16,0.8,-8.425311088562012,15.597359657287598,-174.1695098876953,5
73.67108988761902,0.018794473260641098,0.021516384556889534,0.02299056574702263,-1.2246467991473532e-16,-1.4695761589768238e-16,0.8,-8.425311088562012,15.597359657287598,-174.1695098876953,5
73.77188181877136,0.018794473260641098,0.021516384556889534,0.02299056574702263,-1.2246467991473532e-16,-1.4695761589768238e-16,0.8,-8.425311088562012,15.597359657287598,-174.1695098876953,5
73.87268924713135,0.018794473260641098,0.021516384556889534,0.02299056574702263,-1.2246467991473532e-16,-1.4695761589768238e-16,0.8,-8.425311088562012,15.597359657287598,-174.1695098876953,5
73.97348356246948,0.018794473260641098,0.021516384556889534,0.02299056574702263,-1.2246467991473532e-16,-1.4695761589768238e-16,0.8,-8.425311088562012,15.597359657287598,-174.1695098876953,5
74.07434391975403,0.018794473260641098,0.021516384556889534,0.02299056574702263,-1.2246467991473532e-16,-1.4695761589768238e-16,0.8,-8.425311088562012,15.597359657287598,-174.1695098876953,5
74.17573428153992,0.018794473260641098,0.021516384556889534,0.02299056574702263,-1.2246467991473532e-16,-1.4695761589768238e-16,0.8,-8.425311088562012,15.597359657287598,-174.1695098876953,5
74.27667617797852,0.018794473260641098,0.021516384556889534,0.02299056574702263,-1.2246467991473532e-16,-1.4695761589768238e-16,0.8,-8.425311088562012,15.597359657287598,-174.1695098876953,5
74.37780380249023,0.018794473260641098,0.021516384556889534,0.02299056574702263,-1.2246467991473532e-16,-1.4695761589768238e-16,0.8,-8.425311088562012,15.597359657287598,-174.1695098876953,5
74.47879409790039,0.018794473260641098,0.021516384556889534,0.02299056574702263,-1.2246467991473532e-16,-1.4695761589768238e-16,0.8,-8.425311088562012,15.597359657287598,-174.1695098876953,5
74.57954835891724,0.018794473260641098,0.021516384556889534,0.02299056574702263,-1.2246467991473532e-16,-1.4695761589768238e-16,0.8,-8.425311088562012,15.597359657287598,-174.1695098876953,5
74.6804563999176,0.018794473260641098,0.021516384556889534,0.02299056574702263,-1.2246467991473532e-16,-1.4695761589768238e-16,0.8,-8.425311088562012,15.597359657287598,-174.1695098876953,5
74.78146076202393,0.018794473260641098,0.021516384556889534,0.02299056574702263,-1.2246467991473532e-16,-1.4695761589768238e-16,0.8,-8.425311088562012,15.597359657287598,-174.1695098876953,5
74.88262128829956,0.018794473260641098,0.021516384556889534,0.02299056574702263,-1.2246467991473532e-16,-1.4695761589768238e-16,0.8,-8.425311088562012,15.597359657287598,-174.1695098876953,5
74.98385310173035,0.018794473260641098,0.021516384556889534,0.02299056574702263,-1.2246467991473532e-16,-1.4695761589768238e-16,0.8,-8.425311088562012,15.597359657287598,-174.1695098876953,5
75.085458278656,0.018794473260641098,0.021516384556889534,0.02299056574702263,-1.2246467991473532e-16,-1.4695761589768238e-16,0.8,-8.425311088562012,15.597359657287598,-174.1695098876953,5
75.18636155128479,0.018794473260641098,0.021516384556889534,0.02299056574702263,-1.2246467991473532e-16,-1.4695761589768238e-16,0.8,-8.425311088562012,15.597359657287598,-174.1695098876953,5
75.28731393814087,0.018794473260641098,0.021516384556889534,0.02299056574702263,-1.2246467991473532e-16,-1.4695761589768238e-16,0.8,-8.425311088562012,15.597359657287598,-174.1695098876953,5
75.38827562332153,0.018794473260641098,0.021516384556889534,0.02299056574702263,-1.2246467991473532e-16,-1.4695761589768238e-16,0.8,-8.425311088562012,15.597359657287598,-174.1695098876953,5
75.4893970489502,0.018794473260641098,0.021516384556889534,0.02299056574702263,-1.2246467991473532e-16,-1.4695761589768238e-16,0.8,-8.425311088562012,15.597359657287598,-174.1695098876953,5
75.59055948257446,0.018794473260641098,0.021516384556889534,0.02299056574702263,-1.2246467991473532e-16,-1.4695761589768238e-16,0.8,-8.425311088562012,15.597359657287598,-174.1695098876953,5
75.69152021408081,0.018794473260641098,0.021516384556889534,0.02299056574702263,-1.2246467991473532e-16,-1.4695761589768238e-16,0.8,-8.425311088562012,15.597359657287598,-174.1695098876953,5
75.79260563850403,0.018794473260641098,0.021516384556889534,0.02299056574702263,-1.2246467991473532e-16,-1.4695761589768238e-16,0.8,-8.425311088562012,15.597359657287598,-174.1695098876953,5
75.8936984539032,0.018794473260641098,0.021516384556889534,0.02299056574702263,-1.2246467991473532e-16,-1.4695761589768238e-16,0.8,-8.425311088562012,15.597359657287598,-174.1695098876953,5
75.99476432800293,0.018794473260641098,0.021516384556889534,0.02299056574702263,-1.2246467991473532e-16,-1.4695761589768238e-16,0.8,-8.425311088562012,15.597359657287598,-174.1695098876953,5
76.09614658355713,0.018794473260641098,0.021516384556889534,0.02299056574702263,-1.2246467991473532e-16,-1.4695761589768238e-16,0.8,-8.425311088562012,15.597359657287598,-174.1695098876953,5
76.19713497161865,0.018794473260641098,0.021516384556889534,0.02299056574702263,-1.2246467991473532e-16,-1.4695761589768238e-16,0.8,-8.425311088562012,15.597359657287598,-174.1695098876953,5
76.29821014404297,0.018794473260641098,0.021516384556889534,0.02299056574702263,-1.2246467991473532e-16,-1.4695761589768238e-16,0.8,-8.425311088562012,15.597359657287598,-174.1695098876953,5
76.39928650856018,0.018794473260641098,0.021516384556889534,0.02299056574702263,-1.2246467991473532e-16,-1.4695761589768238e-16,0.8,-8.425311088562012,15.597359657287598,-174.1695098876953,5
76.5002908706665,0.018794473260641098,0.021516384556889534,0.02299056574702263,-1.2246467991473532e-16,-1.4695761589768238e-16,0.8,-8.425311088562012,15.597359657287598,-174.1695098876953,5
76.60123085975647,0.018794473260641098,0.021516384556889534,0.02299056574702263,-1.2246467991473532e-16,-1.4695761589768238e-16,0.8,-8.425311088562012,15.597359657287598,-174.1695098876953,5
76.70206212997437,0.018794473260641098,0.021516384556889534,0.02299056574702263,-1.2246467991473532e-16,-1.4695761589768238e-16,0.8,-8.425311088562012,15.597359657287598,-174.1695098876953,5
76.80282425880432,0.018794473260641098,0.021516384556889534,0.02299056574702263,-1.2246467991473532e-16,-1.4695761589768238e-16,0.8,-8.425311088562012,15.597359657287598,-174.1695098876953,5
76.90348362922668,0.018794473260641098,0.021516384556889534,0.02299056574702263,-1.2246467991473532e-16,-1.4695761589768238e-16,0.8,-8.425311088562012,15.597359657287598,-174.1695098876953,5
77.00425243377686,0.018794473260641098,0.021516384556889534,0.02299056574702263,-1.2246467991473532e-16,-1.4695761589768238e-16,0.8,-8.425311088562012,15.597359657287598,-174.1695098876953,5
77.10510587692261,0.018794473260641098,0.021516384556889534,0.02299056574702263,-1.2246467991473532e-16,-1.4695761589768238e-16,0.8,-8.425311088562012,15.597359657287598,-174.1695098876953,5
77.20668363571167,0.018794473260641098,0.021516384556889534,0.02299056574702263,-1.2246467991473532e-16,-1.4695761589768238e-16,0.8,-8.425311088562012,15.597359657287598,-174.1695098876953,5
77.3076183795929,0.018794473260641098,0.021516384556889534,0.02299056574702263,-1.2246467991473532e-16,-1.4695761589768238e-16,0.8,-8.425311088562012,15.597359657287598,-174.1695098876953,5
77.40821409225464,0.018794473260641098,0.021516384556889534,0.02299056574702263,-1.2246467991473532e-16,-1.4695761589768238e-16,0.8,-8.425311088562012,15.597359657287598,-174.1695098876953,5
77.50918793678284,0.018794473260641098,0.021516384556889534,0.02299056574702263,-1.2246467991473532e-16,-1.4695761589768238e-16,0.8,-8.425311088562012,15.597359657287598,-174.1695098876953,5
77.61006331443787,0.018794473260641098,0.021516384556889534,0.02299056574702263,-1.2246467991473532e-16,-1.4695761589768238e-16,0.8,-8.425311088562012,15.597359657287598,-174.1695098876953,5
77.71100759506226,0.018794473260641098,0.021516384556889534,0.02299056574702263,-1.2246467991473532e-16,-1.4695761589768238e-16,0.8,-8.425311088562012,15.597359657287598,-174.1695098876953,5
77.81519818305969,0.018794473260641098,0.021516384556889534,0.02299056574702263,-1.2246467991473532e-16,-1.4695761589768238e-16,0.8,-8.425311088562012,15.597359657287598,-174.1695098876953,5
77.91657423973083,0.018794473260641098,0.021516384556889534,0.02299056574702263,-1.2246467991473532e-16,-1.4695761589768238e-16,0.8,-8.425311088562012,15.597359657287598,-174.1695098876953,5
78.01768922805786,0.018794473260641098,0.021516384556889534,0.02299056574702263,-1.2246467991473532e-16,-1.4695761589768238e-16,0.8,-8.425311088562012,15.597359657287598,-174.1695098876953,5
78.11869812011719,0.018794473260641098,0.021516384556889534,0.02299056574702263,-1.2246467991473532e-16,-1.4695761589768238e-16,0.8,-8.425311088562012,15.597359657287598,-174.1695098876953,5
78.21960401535034,0.018794473260641098,0.021516384556889534,0.02299056574702263,-1.2246467991473532e-16,-1.4695761589768238e-16,0.8,-8.425311088562012,15.597359657287598,-174.1695098876953,5
78.32059645652771,0.018794473260641098,0.021516384556889534,0.02299056574702263,-1.2246467991473532e-16,-1.4695761589768238e-16,0.8,-8.425311088562012,15.597359657287598,-174.1695098876953,5
78.42170810699463,0.018794473260641098,0.021516384556889534,0.02299056574702263,-1.2246467991473532e-16,-1.4695761589768238e-16,0.8,-8.425311088562012,15.597359657287598,-174.1695098876953,5
78.52278280258179,0.018794473260641098,0.021516384556889534,0.02299056574702263,-1.2246467991473532e-16,-1.4695761589768238e-16,0.8,-8.425311088562012,15.597359657287598,-174.1695098876953,5
78.62390923500061,0.018794473260641098,0.021516384556889534,0.02299056574702263,-1.2246467991473532e-16,-1.4695761589768238e-16,0.8,-8.425311088562012,15.597359657287598,-174.1695098876953,5
78.72504115104675,0.018794473260641098,0.021516384556889534,0.02299056574702263,-1.2246467991473532e-16,-1.4695761589768238e-16,0.8,-8.425311088562012,15.597359657287598,-174.1695098876953,5
78.82579469680786,0.018794473260641098,0.021516384556889534,0.02299056574702263,-1.2246467991473532e-16,-1.4695761589768238e-16,0.8,-8.425311088562012,15.597359657287598,-174.1695098876953,5
78.92693257331848,0.018794473260641098,0.021516384556889534,0.02299056574702263,-1.2246467991473532e-16,-1.4695761589768238e-16,0.8,-8.425311088562012,15.597359657287598,-174.1695098876953,5
79.02808904647827,0.018794473260641098,0.021516384556889534,0.02299056574702263,-1.2246467991473532e-16,-1.4695761589768238e-16,0.8,-8.425311088562012,15.597359657287598,-174.1695098876953,5
79.12920188903809,0.018794473260641098,0.021516384556889534,0.02299056574702263,-1.2246467991473532e-16,-1.4695761589768238e-16,0.8,-8.425311088562012,15.597359657287598,-174.1695098876953,5
79.23037242889404,0.018794473260641098,0.021516384556889534,0.02299056574702263,-1.2246467991473532e-16,-1.4695761589768238e-16,0.8,-8.425311088562012,15.597359657287598,-174.1695098876953,5
79.33132290840149,0.018794473260641098,0.021516384556889534,0.02299056574702263,-1.2246467991473532e-16,-1.4695761589768238e-16,0.8,-8.425311088562012,15.597359657287598,-174.1695098876953,5
79.43228697776794,0.018794473260641098,0.021516384556889534,0.02299056574702263,-1.2246467991473532e-16,-1.4695761589768238e-16,0.8,-8.425311088562012,15.597359657287598,-174.1695098876953,5
79.53322243690491,0.018794473260641098,0.021516384556889534,0.02299056574702263,-1.2246467991473532e-16,-1.4695761589768238e-16,0.8,-8.425311088562012,15.597359657287598,-174.1695098876953,5
79.63413119316101,0.018794473260641098,0.021516384556889534,0.02299056574702263,-1.2246467991473532e-16,-1.4695761589768238e-16,0.8,-8.425311088562012,15.597359657287598,-174.1695098876953,5
79.73502135276794,0.018794473260641098,0.021516384556889534,0.02299056574702263,-1.2246467991473532e-16,-1.4695761589768238e-16,0.8,-8.425311088562012,15.597359657287598,-174.1695098876953,5
79.83622336387634,0.018794473260641098,0.021516384556889534,0.02299056574702263,-1.2246467991473532e-16,-1.4695761589768238e-16,0.8,-8.425311088562012,15.597359657287598,-174.1695098876953,5
79.93712162971497,0.018794473260641098,0.021516384556889534,0.02299056574702263,-1.2246467991473532e-16,-1.4695761589768238e-16,0.8,-8.425311088562012,15.597359657287598,-174.1695098876953,5
80.03807330131531,0.018794473260641098,0.021516384556889534,0.02299056574702263,-1.2246467991473532e-16,-1.4695761589768238e-16,0.8,-8.425311088562012,15.597359657287598,-174.1695098876953,5
80.13895344734192,0.018794473260641098,0.021516384556889534,0.02299056574702263,-1.2246467991473532e-16,-1.4695761589768238e-16,0.8,-8.425311088562012,15.597359657287598,-174.1695098876953,5
80.23979377746582,0.018794473260641098,0.021516384556889534,0.02299056574702263,-1.2246467991473532e-16,-1.4695761589768238e-16,0.8,-8.425311088562012,15.597359657287598,-174.1695098876953,5
80.34083938598633,0.018794473260641098,0.021516384556889534,0.02299056574702263,-1.2246467991473532e-16,-1.4695761589768238e-16,0.8,-8.425311088562012,15.597359657287598,-174.1695098876953,5
80.44193506240845,0.018794473260641098,0.021516384556889534,0.02299056574702263,-1.2246467991473532e-16,-1.4695761589768238e-16,0.8,-8.425311088562012,15.597359657287598,-174.1695098876953,5
80.54323530197144,0.018794473260641098,0.021516384556889534,0.02299056574702263,-1.2246467991473532e-16,-1.4695761589768238e-16,0.8,-8.425311088562012,15.597359657287598,-174.1695098876953,5
80.64446210861206,0.018794473260641098,0.021516384556889534,0.02299056574702263,-1.2246467991473532e-16,-1.4695761589768238e-16,0.8,-8.425311088562012,15.597359657287598,-174.1695098876953,5
80.74617052078247,0.018794473260641098,0.021516384556889534,0.02299056574702263,-1.2246467991473532e-16,-1.4695761589768238e-16,0.8,-8.425311088562012,15.597359657287598,-174.1695098876953,5
80.84711837768555,0.018794473260641098,0.021516384556889534,0.02299056574702263,-1.2246467991473532e-16,-1.4695761589768238e-16,0.8,-8.425311088562012,15.597359657287598,-174.1695098876953,5
80.94835066795349,0.018794473260641098,0.021516384556889534,0.02299056574702263,-1.2246467991473532e-16,-1.4695761589768238e-16,0.8,-8.425311088562012,15.597359657287598,-174.1695098876953,5
81.04927396774292,0.018794473260641098,0.021516384556889534,0.02299056574702263,-1.2246467991473532e-16,-1.4695761589768238e-16,0.8,-8.425311088562012,15.597359657287598,-174.1695098876953,5
81.15019083023071,0.018794473260641098,0.021516384556889534,0.02299056574702263,-1.2246467991473532e-16,-1.4695761589768238e-16,0.8,-8.425311088562012,15.597359657287598,-174.1695098876953,5
81.25115036964417,0.018794473260641098,0.021516384556889534,0.02299056574702263,-1.2246467991473532e-16,-1.4695761589768238e-16,0.8,-8.425311088562012,15.597359657287598,-174.1695098876953,5
81.35203838348389,0.018794473260641098,0.021516384556889534,0.02299056574702263,-1.2246467991473532e-16,-1.4695761589768238e-16,0.8,-8.425311088562012,15.597359657287598,-174.1695098876953,5
81.45264625549316,0.018794473260641098,0.021516384556889534,0.02299056574702263,-1.2246467991473532e-16,-1.4695761589768238e-16,0.8,-8.425311088562012,15.597359657287598,-174.1695098876953,5
81.5535318851471,0.018794473260641098,0.021516384556889534,0.02299056574702263,-1.2246467991473532e-16,-1.4695761589768238e-16,0.8,-8.425311088562012,15.597359657287598,-174.1695098876953,5
81.65478873252869,0.018794473260641098,0.021516384556889534,0.02299056574702263,-1.2246467991473532e-16,-1.4695761589768238e-16,0.8,-8.425311088562012,15.597359657287598,-174.1695098876953,5
81.75614023208618,0.018794473260641098,0.021516384556889534,0.02299056574702263,-1.2246467991473532e-16,-1.4695761589768238e-16,0.8,-8.425311088562012,15.597359657287598,-174.1695098876953,5
81.8570876121521,0.018794473260641098,0.021516384556889534,0.02299056574702263,-1.2246467991473532e-16,-1.4695761589768238e-16,0.8,-8.425311088562012,15.597359657287598,-174.1695098876953,5
81.9583637714386,0.018794473260641098,0.021516384556889534,0.02299056574702263,-1.2246467991473532e-16,-1.4695761589768238e-16,0.8,-8.425311088562012,15.597359657287598,-174.1695098876953,5
82.05935430526733,0.018794473260641098,0.021516384556889534,0.02299056574702263,-1.2246467991473532e-16,-1.4695761589768238e-16,0.8,-8.425311088562012,15.597359657287598,-174.1695098876953,5
82.16041159629822,0.018794473260641098,0.021516384556889534,0.02299056574702263,-1.2246467991473532e-16,-1.4695761589768238e-16,0.8,-8.425311088562012,15.597359657287598,-174.1695098876953,5
82.26154637336731,0.018794473260641098,0.021516384556889534,0.02299056574702263,-1.2246467991473532e-16,-1.4695761589768238e-16,0.8,-8.425311088562012,15.597359657287598,-174.1695098876953,5
82.36261892318726,0.018794473260641098,0.021516384556889534,0.02299056574702263,-1.2246467991473532e-16,-1.4695761589768238e-16,0.8,-8.425311088562012,15.597359657287598,-174.1695098876953,5
82.46377849578857,0.018794473260641098,0.021516384556889534,0.02299056574702263,-1.2246467991473532e-16,-1.4695761589768238e-16,0.8,-8.425311088562012,15.597359657287598,-174.1695098876953,5
82.56465339660645,0.018794473260641098,0.021516384556889534,0.02299056574702263,-1.2246467991473532e-16,-1.4695761589768238e-16,0.8,-8.425311088562012,15.597359657287598,-174.1695098876953,5
82.66567063331604,0.018794473260641098,0.021516384556889534,0.02299056574702263,-1.2246467991473532e-16,-1.4695761589768238e-16,0.8,-8.425311088562012,15.597359657287598,-174.1695098876953,5
82.76639938354492,0.018794473260641098,0.021516384556889534,0.02299056574702263,-1.2246467991473532e-16,-1.4695761589768238e-16,0.8,-8.425311088562012,15.597359657287598,-174.1695098876953,5
82.86730456352234,0.018794473260641098,0.021516384556889534,0.02299056574702263,-1.2246467991473532e-16,-1.4695761589768238e-16,0.8,-8.425311088562012,15.597359657287598,-174.1695098876953,5
82.96826028823853,0.018794473260641098,0.021516384556889534,0.02299056574702263,-1.2246467991473532e-16,-1.4695761589768238e-16,0.8,-8.425311088562012,15.597359657287598,-174.1695098876953,5
83.06947612762451,0.018794473260641098,0.021516384556889534,0.02299056574702263,-1.2246467991473532e-16,-1.4695761589768238e-16,0.8,-8.425311088562012,15.597359657287598,-174.1695098876953,5
83.17050766944885,0.018794473260641098,0.021516384556889534,0.02299056574702263,-1.2246467991473532e-16,-1.4695761589768238e-16,0.8,-8.425311088562012,15.597359657287598,-174.1695098876953,5
83.27147698402405,0.018794473260641098,0.021516384556889534,0.02299056574702263,-1.2246467991473532e-16,-1.4695761589768238e-16,0.8,-8.425311088562012,15.597359657287598,-174.1695098876953,5
83.37238454818726,0.018794473260641098,0.021516384556889534,0.02299056574702263,-1.2246467991473532e-16,-1.4695761589768238e-16,0.8,-8.425311088562012,15.597359657287598,-174.1695098876953,5
83.47348070144653,0.018794473260641098,0.021516384556889534,0.02299056574702263,-1.2246467991473532e-16,-1.4695761589768238e-16,0.8,-8.425311088562012,15.597359657287598,-174.1695098876953,5
83.5750162601471,0.018794473260641098,0.021516384556889534,0.02299056574702263,-1.2246467991473532e-16,-1.4695761589768238e-16,0.8,-8.425311088562012,15.597359657287598,-174.1695098876953,5
83.678471326828,0.018794473260641098,0.021516384556889534,0.02299056574702263,-1.2246467991473532e-16,-1.4695761589768238e-16,0.8,-8.425311088562012,15.597359657287598,-174.1695098876953,5
83.77923607826233,0.018794473260641098,0.021516384556889534,0.02299056574702263,-1.2246467991473532e-16,-1.4695761589768238e-16,0.8,-8.425311088562012,15.597359657287598,-174.1695098876953,5
83.88007164001465,0.018794473260641098,0.021516384556889534,0.02299056574702263,-1.2246467991473532e-16,-1.4695761589768238e-16,0.8,-8.425311088562012,15.597359657287598,-174.1695098876953,5
83.98080468177795,0.018794473260641098,0.021516384556889534,0.02299056574702263,-1.2246467991473532e-16,-1.4695761589768238e-16,0.8,-8.425311088562012,15.597359657287598,-174.1695098876953,5
84.08154296875,0.018794473260641098,0.021516384556889534,0.02299056574702263,-1.2246467991473532e-16,-1.4695761589768238e-16,0.8,-8.425311088562012,15.597359657287598,-174.1695098876953,5
84.18238139152527,0.018794473260641098,0.021516384556889534,0.02299056574702263,-1.2246467991473532e-16,-1.4695761589768238e-16,0.8,-8.425311088562012,15.597359657287598,-174.1695098876953,5
84.28354907035828,0.018794473260641098,0.021516384556889534,0.02299056574702263,-1.2246467991473532e-16,-1.4695761589768238e-16,0.8,-8.425311088562012,15.597359657287598,-174.1695098876953,5
84.38520097732544,0.018794473260641098,0.021516384556889534,0.02299056574702263,-1.2246467991473532e-16,-1.4695761589768238e-16,0.8,-8.425311088562012,15.597359657287598,-174.1695098876953,5
84.48630928993225,0.018794473260641098,0.021516384556889534,0.02299056574702263,-1.2246467991473532e-16,-1.4695761589768238e-16,0.8,-8.425311088562012,15.597359657287598,-174.1695098876953,5
84.58719253540039,0.018794473260641098,0.021516384556889534,0.02299056574702263,-1.2246467991473532e-16,-1.4695761589768238e-16,0.8,-8.425311088562012,15.597359657287598,-174.1695098876953,5
84.68814420700073,0.018794473260641098,0.021516384556889534,0.02299056574702263,-1.2246467991473532e-16,-1.4695761589768238e-16,0.8,-8.425311088562012,15.597359657287598,-174.1695098876953,5
84.7890248298645,0.018794473260641098,0.021516384556889534,0.02299056574702263,-1.2246467991473532e-16,-1.4695761589768238e-16,0.8,-8.425311088562012,15.597359657287598,-174.1695098876953,5
84.8899827003479,0.018794473260641098,0.021516384556889534,0.02299056574702263,-1.2246467991473532e-16,-1.4695761589768238e-16,0.8,-8.425311088562012,15.597359657287598,-174.1695098876953,5
84.99112319946289,0.018794473260641098,0.021516384556889534,0.02299056574702263,-1.2246467991473532e-16,-1.4695761589768238e-16,0.8,-8.425311088562012,15.597359657287598,-174.1695098876953,5
85.0922544002533,0.018794473260641098,0.021516384556889534,0.02299056574702263,-1.2246467991473532e-16,-1.4695761589768238e-16,0.8,-8.425311088562012,15.597359657287598,-174.1695098876953,5
85.19333744049072,0.018794473260641098,0.021516384556889534,0.02299056574702263,-1.2246467991473532e-16,-1.4695761589768238e-16,0.8,-8.425311088562012,15.597359657287598,-174.1695098876953,5
85.29463768005371,0.018794473260641098,0.021516384556889534,0.02299056574702263,-1.2246467991473532e-16,-1.4695761589768238e-16,0.8,-8.425311088562012,15.597359657287598,-174.1695098876953,5
85.39611887931824,0.018794473260641098,0.021516384556889534,0.02299056574702263,-1.2246467991473532e-16,-1.4695761589768238e-16,0.8,-8.425311088562012,15.597359657287598,-174.1695098876953,5
85.49725866317749,0.018794473260641098,0.021516384556889534,0.02299056574702263,-1.2246467991473532e-16,-1.4695761589768238e-16,0.8,-8.425311088562012,15.597359657287598,-174.1695098876953,5
85.59842824935913,0.018794473260641098,0.021516384556889534,0.02299056574702263,-1.2246467991473532e-16,-1.4695761589768238e-16,0.8,-8.425311088562012,15.597359657287598,-174.1695098876953,5
85.69944024085999,0.018794473260641098,0.021516384556889534,0.02299056574702263,-1.2246467991473532e-16,-1.4695761589768238e-16,0.8,-8.425311088562012,15.597359657287598,-174.1695098876953,5
85.80033564567566,0.018794473260641098,0.021516384556889534,0.02299056574702263,-1.2246467991473532e-16,-1.4695761589768238e-16,0.8,-8.425311088562012,15.597359657287598,-174.1695098876953,5
85.90125465393066,0.018794473260641098,0.021516384556889534,0.02299056574702263,-1.2246467991473532e-16,-1.4695761589768238e-16,0.8,-8.425311088562012,15.597359657287598,-174.1695098876953,5
86.00215077400208,0.018794473260641098,0.021516384556889534,0.02299056574702263,-1.2246467991473532e-16,-1.4695761589768238e-16,0.8,-8.425311088562012,15.597359657287598,-174.1695098876953,5
86.10312795639038,0.018794473260641098,0.021516384556889534,0.02299056574702263,-1.2246467991473532e-16,-1.4695761589768238e-16,0.8,-8.425311088562012,15.597359657287598,-174.1695098876953,5
86.20421171188354,0.018794473260641098,0.021516384556889534,0.02299056574702263,-1.2246467991473532e-16,-1.4695761589768238e-16,0.8,-8.425311088562012,15.597359657287598,-174.1695098876953,5
86.30524277687073,0.018794473260641098,0.021516384556889534,0.02299056574702263,-1.2246467991473532e-16,-1.4695761589768238e-16,0.8,-8.425311088562012,15.597359657287598,-174.1695098876953,5
86.40634894371033,0.018794473260641098,0.021516384556889534,0.02299056574702263,-1.2246467991473532e-16,-1.4695761589768238e-16,0.8,-8.425311088562012,15.597359657287598,-174.1695098876953,5
86.50745296478271,0.018794473260641098,0.021516384556889534,0.02299056574702263,-1.2246467991473532e-16,-1.4695761589768238e-16,0.8,-8.425311088562012,15.597359657287598,-174.1695098876953,5
86.60845375061035,0.018794473260641098,0.021516384556889534,0.02299056574702263,-1.2246467991473532e-16,-1.4695761589768238e-16,0.8,-8.425311088562012,15.597359657287598,-174.1695098876953,5
86.70960259437561,0.018794473260641098,0.021516384556889534,0.02299056574702263,-1.2246467991473532e-16,-1.4695761589768238e-16,0.8,-8.425311088562012,15.597359657287598,-174.1695098876953,5
86.8106153011322,0.018794473260641098,0.021516384556889534,0.02299056574702263,-1.2246467991473532e-16,-1.4695761589768238e-16,0.8,-8.425311088562012,15.597359657287598,-174.1695098876953,5
86.91158390045166,0.018794473260641098,0.021516384556889534,0.02299056574702263,-1.2246467991473532e-16,-1.4695761589768238e-16,0.8,-8.425311088562012,15.597359657287598,-174.1695098876953,5
87.0128264427185,0.018794473260641098,0.021516384556889534,0.02299056574702263,-1.2246467991473532e-16,-1.4695761589768238e-16,0.8,-8.425311088562012,15.597359657287598,-174.1695098876953,5
87.11497116088867,0.018794473260641098,0.021516384556889534,0.02299056574702263,-1.2246467991473532e-16,-1.4695761589768238e-16,0.8,-8.425311088562012,15.597359657287598,-174.1695098876953,5
87.21565866470337,0.018794473260641098,0.021516384556889534,0.02299056574702263,-1.2246467991473532e-16,-1.4695761589768238e-16,0.8,-8.425311088562012,15.597359657287598,-174.1695098876953,5
87.31639766693115,0.018794473260641098,0.021516384556889534,0.02299056574702263,-1.2246467991473532e-16,-1.4695761589768238e-16,0.8,-8.425311088562012,15.597359657287598,-174.1695098876953,5
87.41720032691956,0.018794473260641098,0.021516384556889534,0.02299056574702263,-1.2246467991473532e-16,-1.4695761589768238e-16,0.8,-8.425311088562012,15.597359657287598,-174.1695098876953,5
87.51816534996033,0.018794473260641098,0.021516384556889534,0.02299056574702263,-1.2246467991473532e-16,-1.4695761589768238e-16,0.8,-8.425311088562012,15.597359657287598,-174.1695098876953,5
87.61901569366455,0.018794473260641098,0.021516384556889534,0.02299056574702263,-1.2246467991473532e-16,-1.4695761589768238e-16,0.8,-8.425311088562012,15.597359657287598,-174.1695098876953,5
87.71979689598083,0.018794473260641098,0.021516384556889534,0.02299056574702263,-1.2246467991473532e-16,-1.4695761589768238e-16,0.8,-8.425311088562012,15.597359657287598,-174.1695098876953,5
87.82054424285889,0.018794473260641098,0.021516384556889534,0.02299056574702263,-1.2246467991473532e-16,-1.4695761589768238e-16,0.8,-8.425311088562012,15.597359657287598,-174.1695098876953,5
87.92122340202332,0.018794473260641098,0.021516384556889534,0.02299056574702263,-1.2246467991473532e-16,-1.4695761589768238e-16,0.8,-8.425311088562012,15.597359657287598,-174.1695098876953,5
88.02207446098328,0.018794473260641098,0.021516384556889534,0.02299056574702263,-1.2246467991473532e-16,-1.4695761589768238e-16,0.8,-8.425311088562012,15.597359657287598,-174.1695098876953,5
88.12288904190063,0.018794473260641098,0.021516384556889534,0.02299056574702263,-1.2246467991473532e-16,-1.4695761589768238e-16,0.8,-8.425311088562012,15.597359657287598,-174.1695098876953,5
88.22410774230957,0.018794473260641098,0.021516384556889534,0.02299056574702263,-1.2246467991473532e-16,-1.4695761589768238e-16,0.8,-8.425311088562012,15.597359657287598,-174.1695098876953,5
88.32533717155457,0.018794473260641098,0.021516384556889534,0.02299056574702263,-1.2246467991473532e-16,-1.4695761589768238e-16,0.8,-8.425311088562012,15.597359657287598,-174.1695098876953,5
88.4261040687561,0.018794473260641098,0.021516384556889534,0.02299056574702263,-1.2246467991473532e-16,-1.4695761589768238e-16,0.8,-8.425311088562012,15.597359657287598,-174.1695098876953,5
88.52693557739258,0.018794473260641098,0.021516384556889534,0.02299056574702263,-1.2246467991473532e-16,-1.4695761589768238e-16,0.8,-8.425311088562012,15.597359657287598,-174.1695098876953,5
88.62789630889893,0.018794473260641098,0.021516384556889534,0.02299056574702263,-1.2246467991473532e-16,-1.4695761589768238e-16,0.8,-8.425311088562012,15.597359657287598,-174.1695098876953,5
88.73159694671631,0.018794473260641098,0.021516384556889534,0.02299056574702263,-1.2246467991473532e-16,-1.4695761589768238e-16,0.8,-8.425311088562012,15.597359657287598,-174.1695098876953,5
88.83253979682922,0.018794473260641098,0.021516384556889534,0.02299056574702263,-1.2246467991473532e-16,-1.4695761589768238e-16,0.8,-8.425311088562012,15.597359657287598,-174.1695098876953,5
88.93410754203796,0.018794473260641098,0.021516384556889534,0.02299056574702263,-1.2246467991473532e-16,-1.4695761589768238e-16,0.8,-8.425311088562012,15.597359657287598,-174.1695098876953,5
89.03543066978455,0.018794473260641098,0.021516384556889534,0.02299056574702263,-1.2246467991473532e-16,-1.4695761589768238e-16,0.8,-8.425311088562012,15.597359657287598,-174.1695098876953,5
89.1362042427063,0.018794473260641098,0.021516384556889534,0.02299056574702263,-1.2246467991473532e-16,-1.4695761589768238e-16,0.8,-8.425311088562012,15.597359657287598,-174.1695098876953,5
89.23710465431213,0.018794473260641098,0.021516384556889534,0.02299056574702263,-1.2246467991473532e-16,-1.4695761589768238e-16,0.8,-8.425311088562012,15.597359657287598,-174.1695098876953,5
89.33816576004028,0.018794473260641098,0.021516384556889534,0.02299056574702263,-1.2246467991473532e-16,-1.4695761589768238e-16,0.8,-8.425311088562012,15.597359657287598,-174.1695098876953,5
89.43907284736633,0.018794473260641098,0.021516384556889534,0.02299056574702263,-1.2246467991473532e-16,-1.4695761589768238e-16,0.8,-8.425311088562012,15.597359657287598,-174.1695098876953,5
89.54008746147156,0.018794473260641098,0.021516384556889534,0.02299056574702263,-1.2246467991473532e-16,-1.4695761589768238e-16,0.8,-8.425311088562012,15.597359657287598,-174.1695098876953,5
89.64099955558777,0.018794473260641098,0.021516384556889534,0.02299056574702263,-1.2246467991473532e-16,-1.4695761589768238e-16,0.8,-8.425311088562012,15.597359657287598,-174.1695098876953,5
89.74204897880554,0.018794473260641098,0.021516384556889534,0.02299056574702263,-1.2246467991473532e-16,-1.4695761589768238e-16,0.8,-8.425311088562012,15.597359657287598,-174.1695098876953,5
89.84301924705505,0.018794473260641098,0.021516384556889534,0.02299056574702263,-1.2246467991473532e-16,-1.4695761589768238e-16,0.8,-8.425311088562012,15.597359657287598,-174.1695098876953,5
89.9439709186554,0.018794473260641098,0.021516384556889534,0.02299056574702263,-1.2246467991473532e-16,-1.4695761589768238e-16,0.8,-8.425311088562012,15.597359657287598,-174.1695098876953,5
90.04489040374756,0.018794473260641098,0.021516384556889534,0.02299056574702263,-1.2246467991473532e-16,-1.4695761589768238e-16,0.8,-8.425311088562012,15.597359657287598,-174.1695098876953,5
90.14566373825073,0.018794473260641098,0.021516384556889534,0.02299056574702263,-1.2246467991473532e-16,-1.4695761589768238e-16,0.8,-8.425311088562012,15.597359657287598,-174.1695098876953,5
90.24653244018555,0.018794473260641098,0.021516384556889534,0.02299056574702263,-1.2246467991473532e-16,-1.4695761589768238e-16,0.8,-8.425311088562012,15.597359657287598,-174.1695098876953,5
90.34740281105042,0.018794473260641098,0.021516384556889534,0.02299056574702263,-1.2246467991473532e-16,-1.4695761589768238e-16,0.8,-8.425311088562012,15.597359657287598,-174.1695098876953,5
90.4484281539917,0.018794473260641098,0.021516384556889534,0.02299056574702263,-1.2246467991473532e-16,-1.4695761589768238e-16,0.8,-8.425311088562012,15.597359657287598,-174.1695098876953,5
90.54957342147827,0.018794473260641098,0.021516384556889534,0.02299056574702263,-1.2246467991473532e-16,-1.4695761589768238e-16,0.8,-8.425311088562012,15.597359657287598,-174.1695098876953,5
90.65063548088074,0.018794473260641098,0.021516384556889534,0.02299056574702263,-1.2246467991473532e-16,-1.4695761589768238e-16,0.8,-8.425311088562012,15.597359657287598,-174.1695098876953,5
90.75162076950073,0.018794473260641098,0.021516384556889534,0.02299056574702263,-1.2246467991473532e-16,-1.4695761589768238e-16,0.8,-8.425311088562012,15.597359657287598,-174.1695098876953,5
90.85275173187256,0.018794473260641098,0.021516384556889534,0.02299056574702263,-1.2246467991473532e-16,-1.4695761589768238e-16,0.8,-8.425311088562012,15.597359657287598,-174.1695098876953,5
90.95451331138611,0.018794473260641098,0.021516384556889534,0.02299056574702263,-1.2246467991473532e-16,-1.4695761589768238e-16,0.8,-8.425311088562012,15.597359657287598,-174.1695098876953,5
91.05551052093506,0.018794473260641098,0.021516384556889534,0.02299056574702263,-1.2246467991473532e-16,-1.4695761589768238e-16,0.8,-8.425311088562012,15.597359657287598,-174.1695098876953,5
91.15646362304688,0.018794473260641098,0.021516384556889534,0.02299056574702263,-1.2246467991473532e-16,-1.4695761589768238e-16,0.8,-8.425311088562012,15.597359657287598,-174.1695098876953,5
91.2574155330658,0.018794473260641098,0.021516384556889534,0.02299056574702263,-1.2246467991473532e-16,-1.4695761589768238e-16,0.8,-8.425311088562012,15.597359657287598,-174.1695098876953,5
91.35823559761047,0.018794473260641098,0.021516384556889534,0.02299056574702263,-1.2246467991473532e-16,-1.4695761589768238e-16,0.8,-8.425311088562012,15.597359657287598,-174.1695098876953,5
91.45896029472351,0.018794473260641098,0.021516384556889534,0.02299056574702263,-1.2246467991473532e-16,-1.4695761589768238e-16,0.8,-8.425311088562012,15.597359657287598,-174.1695098876953,5
91.55967426300049,0.018794473260641098,0.021516384556889534,0.02299056574702263,-1.2246467991473532e-16,-1.4695761589768238e-16,0.8,-8.425311088562012,15.597359657287598,-174.1695098876953,5
91.66097640991211,0.018794473260641098,0.021516384556889534,0.02299056574702263,-1.2246467991473532e-16,-1.4695761589768238e-16,0.8,-8.425311088562012,15.597359657287598,-174.1695098876953,5
91.76215744018555,0.018794473260641098,0.021516384556889534,0.02299056574702263,-1.2246467991473532e-16,-1.4695761589768238e-16,0.8,-8.425311088562012,15.597359657287598,-174.1695098876953,5
91.86381506919861,0.018794473260641098,0.021516384556889534,0.02299056574702263,-1.2246467991473532e-16,-1.4695761589768238e-16,0.8,-8.425311088562012,15.597359657287598,-174.1695098876953,5
91.96567368507385,0.018794473260641098,0.021516384556889534,0.02299056574702263,-1.2246467991473532e-16,-1.4695761589768238e-16,0.8,-8.425311088562012,15.597359657287598,-174.1695098876953,5
92.06642937660217,0.018794473260641098,0.021516384556889534,0.02299056574702263,-1.2246467991473532e-16,-1.4695761589768238e-16,0.8,-8.425311088562012,15.597359657287598,-174.1695098876953,5
92.16732931137085,0.018794473260641098,0.021516384556889534,0.02299056574702263,-1.2246467991473532e-16,-1.4695761589768238e-16,0.8,-8.425311088562012,15.597359657287598,-174.1695098876953,5
92.26804709434509,0.018794473260641098,0.021516384556889534,0.02299056574702263,-1.2246467991473532e-16,-1.4695761589768238e-16,0.8,-8.425311088562012,15.597359657287598,-174.1695098876953,5
92.36876130104065,0.018794473260641098,0.021516384556889534,0.02299056574702263,-1.2246467991473532e-16,-1.4695761589768238e-16,0.8,-8.425311088562012,15.597359657287598,-174.1695098876953,5
92.46947574615479,0.018794473260641098,0.021516384556889534,0.02299056574702263,-1.2246467991473532e-16,-1.4695761589768238e-16,0.8,-8.425311088562012,15.597359657287598,-174.1695098876953,5
92.57026076316833,0.018794473260641098,0.021516384556889534,0.02299056574702263,-1.2246467991473532e-16,-1.4695761589768238e-16,0.8,-8.425311088562012,15.597359657287598,-174.1695098876953,5
92.67098259925842,0.018794473260641098,0.021516384556889534,0.02299056574702263,-1.2246467991473532e-16,-1.4695761589768238e-16,0.8,-8.425311088562012,15.597359657287598,-174.1695098876953,5
92.77172040939331,0.018794473260641098,0.021516384556889534,0.02299056574702263,-1.2246467991473532e-16,-1.4695761589768238e-16,0.8,-8.425311088562012,15.597359657287598,-174.1695098876953,5
92.8721513748169,0.018794473260641098,0.021516384556889534,0.02299056574702263,-1.2246467991473532e-16,-1.4695761589768238e-16,0.8,-8.425311088562012,15.597359657287598,-174.1695098876953,5
92.97293281555176,0.018794473260641098,0.021516384556889534,0.02299056574702263,-1.2246467991473532e-16,-1.4695761589768238e-16,0.8,-8.425311088562012,15.597359657287598,-174.1695098876953,5
93.0745861530304,0.018794473260641098,0.021516384556889534,0.02299056574702263,-1.2246467991473532e-16,-1.4695761589768238e-16,0.8,-8.425311088562012,15.597359657287598,-174.1695098876953,5
93.1758861541748,0.018794473260641098,0.021516384556889534,0.02299056574702263,-1.2246467991473532e-16,-1.4695761589768238e-16,0.8,-8.425311088562012,15.597359657287598,-174.1695098876953,5
93.27684092521667,0.018794473260641098,0.021516384556889534,0.02299056574702263,-1.2246467991473532e-16,-1.4695761589768238e-16,0.8,-8.425311088562012,15.597359657287598,-174.1695098876953,5
93.37774443626404,0.018794473260641098,0.021516384556889534,0.02299056574702263,-1.2246467991473532e-16,-1.4695761589768238e-16,0.8,-8.425311088562012,15.597359657287598,-174.1695098876953,5
93.47887253761292,0.018794473260641098,0.021516384556889534,0.02299056574702263,-1.2246467991473532e-16,-1.4695761589768238e-16,0.8,-8.425311088562012,15.597359657287598,-174.1695098876953,5
93.58005356788635,0.018794473260641098,0.021516384556889534,0.02299056574702263,-1.2246467991473532e-16,-1.4695761589768238e-16,0.8,-8.425311088562012,15.597359657287598,-174.1695098876953,5
93.68119502067566,0.018794473260641098,0.021516384556889534,0.02299056574702263,-1.2246467991473532e-16,-1.4695761589768238e-16,0.8,-8.425311088562012,15.597359657287598,-174.1695098876953,5
93.78510999679565,0.018794473260641098,0.021516384556889534,0.02299056574702263,-1.2246467991473532e-16,-1.4695761589768238e-16,0.8,-8.425311088562012,15.597359657287598,-174.1695098876953,5
93.88621020317078,0.018794473260641098,0.021516384556889534,0.02299056574702263,-1.2246467991473532e-16,-1.4695761589768238e-16,0.8,-8.425311088562012,15.597359657287598,-174.1695098876953,5
93.98734474182129,0.018794473260641098,0.021516384556889534,0.02299056574702263,-1.2246467991473532e-16,-1.4695761589768238e-16,0.8,-8.425311088562012,15.597359657287598,-174.1695098876953,5
94.08856010437012,0.018794473260641098,0.021516384556889534,0.02299056574702263,-1.2246467991473532e-16,-1.4695761589768238e-16,0.8,-8.425311088562012,15.597359657287598,-174.1695098876953,5
94.1894896030426,0.018794473260641098,0.021516384556889534,0.02299056574702263,-1.2246467991473532e-16,-1.4695761589768238e-16,0.8,-8.425311088562012,15.597359657287598,-174.1695098876953,5
94.29039692878723,0.018794473260641098,0.021516384556889534,0.02299056574702263,-1.2246467991473532e-16,-1.4695761589768238e-16,0.8,-8.425311088562012,15.597359657287598,-174.1695098876953,5
94.39136457443237,0.018794473260641098,0.021516384556889534,0.02299056574702263,-1.2246467991473532e-16,-1.4695761589768238e-16,0.8,-8.425311088562012,15.597359657287598,-174.1695098876953,5
94.4922935962677,0.018794473260641098,0.021516384556889534,0.02299056574702263,-1.2246467991473532e-16,-1.4695761589768238e-16,0.8,-8.425311088562012,15.597359657287598,-174.1695098876953,5
94.59385967254639,0.018794473260641098,0.021516384556889534,0.02299056574702263,-1.2246467991473532e-16,-1.4695761589768238e-16,0.8,-8.425311088562012,15.597359657287598,-174.1695098876953,5
94.69473671913147,0.018794473260641098,0.021516384556889534,0.02299056574702263,-1.2246467991473532e-16,-1.4695761589768238e-16,0.8,-8.425311088562012,15.597359657287598,-174.1695098876953,5
94.79627513885498,0.018794473260641098,0.021516384556889534,0.02299056574702263,-1.2246467991473532e-16,-1.4695761589768238e-16,0.8,-8.425311088562012,15.597359657287598,-174.1695098876953,5
94.89739441871643,0.018794473260641098,0.021516384556889534,0.02299056574702263,-1.2246467991473532e-16,-1.4695761589768238e-16,0.8,-8.425311088562012,15.597359657287598,-174.1695098876953,5
94.99837446212769,0.018794473260641098,0.021516384556889534,0.02299056574702263,-1.2246467991473532e-16,-1.4695761589768238e-16,0.8,-8.425311088562012,15.597359657287598,-174.1695098876953,5
95.09942054748535,0.018794473260641098,0.021516384556889534,0.02299056574702263,-1.2246467991473532e-16,-1.4695761589768238e-16,0.8,-8.425311088562012,15.597359657287598,-174.1695098876953,5
95.20050430297852,0.018794473260641098,0.021516384556889534,0.02299056574702263,-1.2246467991473532e-16,-1.4695761589768238e-16,0.8,-8.425311088562012,15.597359657287598,-174.1695098876953,5
95.30164766311646,0.018794473260641098,0.021516384556889534,0.02299056574702263,-1.2246467991473532e-16,-1.4695761589768238e-16,0.8,-8.425311088562012,15.597359657287598,-174.1695098876953,5
95.4027361869812,0.018794473260641098,0.021516384556889534,0.02299056574702263,-1.2246467991473532e-16,-1.4695761589768238e-16,0.8,-8.425311088562012,15.597359657287598,-174.1695098876953,5
95.50430035591125,0.018794473260641098,0.021516384556889534,0.02299056574702263,-1.2246467991473532e-16,-1.4695761589768238e-16,0.8,-8.425311088562012,15.597359657287598,-174.1695098876953,5
95.60541844367981,0.018794473260641098,0.021516384556889534,0.02299056574702263,-1.2246467991473532e-16,-1.4695761589768238e-16,0.8,-8.425311088562012,15.597359657287598,-174.1695098876953,5
95.70644402503967,0.018794473260641098,0.021516384556889534,0.02299056574702263,-1.2246467991473532e-16,-1.4695761589768238e-16,0.8,-8.425311088562012,15.597359657287598,-174.1695098876953,5
95.80750226974487,0.018794473260641098,0.021516384556889534,0.02299056574702263,-1.2246467991473532e-16,-1.4695761589768238e-16,0.8,-8.425311088562012,15.597359657287598,-174.1695098876953,5
95.90864419937134,0.018794473260641098,0.021516384556889534,0.02299056574702263,-1.2246467991473532e-16,-1.4695761589768238e-16,0.8,-8.425311088562012,15.597359657287598,-174.1695098876953,5
96.00986456871033,0.018794473260641098,0.021516384556889534,0.02299056574702263,-1.2246467991473532e-16,-1.4695761589768238e-16,0.8,-8.425311088562012,15.597359657287598,-174.1695098876953,5
96.11082291603088,0.018794473260641098,0.021516384556889534,0.02299056574702263,-1.2246467991473532e-16,-1.4695761589768238e-16,0.8,-8.425311088562012,15.597359657287598,-174.1695098876953,5
96.21176362037659,0.018794473260641098,0.021516384556889534,0.02299056574702263,-1.2246467991473532e-16,-1.4695761589768238e-16,0.8,-8.425311088562012,15.597359657287598,-174.1695098876953,5
96.31310415267944,0.018794473260641098,0.021516384556889534,0.02299056574702263,-1.2246467991473532e-16,-1.4695761589768238e-16,0.8,-8.425311088562012,15.597359657287598,-174.1695098876953,5
96.41482734680176,0.018794473260641098,0.021516384556889534,0.02299056574702263,-1.2246467991473532e-16,-1.4695761589768238e-16,0.8,-8.425311088562012,15.597359657287598,-174.1695098876953,5
96.51585793495178,0.018794473260641098,0.021516384556889534,0.02299056574702263,-1.2246467991473532e-16,-1.4695761589768238e-16,0.8,-8.425311088562012,15.597359657287598,-174.1695098876953,5
96.61686587333679,0.018794473260641098,0.021516384556889534,0.02299056574702263,-1.2246467991473532e-16,-1.4695761589768238e-16,0.8,-8.425311088562012,15.597359657287598,-174.1695098876953,5
96.71797251701355,0.018794473260641098,0.021516384556889534,0.02299056574702263,-1.2246467991473532e-16,-1.4695761589768238e-16,0.8,-8.425311088562012,15.597359657287598,-174.1695098876953,5
96.8188943862915,0.018794473260641098,0.021516384556889534,0.02299056574702263,-1.2246467991473532e-16,-1.4695761589768238e-16,0.8,-8.425311088562012,15.597359657287598,-174.1695098876953,5
96.92001056671143,0.018794473260641098,0.021516384556889534,0.02299056574702263,-1.2246467991473532e-16,-1.4695761589768238e-16,0.8,-8.425311088562012,15.597359657287598,-174.1695098876953,5
97.02113509178162,0.018794473260641098,0.021516384556889534,0.02299056574702263,-1.2246467991473532e-16,-1.4695761589768238e-16,0.8,-8.425311088562012,15.597359657287598,-174.1695098876953,5
97.12222933769226,0.018794473260641098,0.021516384556889534,0.02299056574702263,-1.2246467991473532e-16,-1.4695761589768238e-16,0.8,-8.425311088562012,15.597359657287598,-174.1695098876953,5
97.22372245788574,0.018794473260641098,0.021516384556889534,0.02299056574702263,-1.2246467991473532e-16,-1.4695761589768238e-16,0.8,-8.425311088562012,15.597359657287598,-174.1695098876953,5
97.32519578933716,0.018794473260641098,0.021516384556889534,0.02299056574702263,-1.2246467991473532e-16,-1.4695761589768238e-16,0.8,-8.425311088562012,15.597359657287598,-174.1695098876953,5
97.42619109153748,0.018794473260641098,0.021516384556889534,0.02299056574702263,-1.2246467991473532e-16,-1.4695761589768238e-16,0.8,-8.425311088562012,15.597359657287598,-174.1695098876953,5
97.52709174156189,0.018794473260641098,0.021516384556889534,0.02299056574702263,-1.2246467991473532e-16,-1.4695761589768238e-16,0.8,-8.425311088562012,15.597359657287598,-174.1695098876953,5
97.62804222106934,0.018794473260641098,0.021516384556889534,0.02299056574702263,-1.2246467991473532e-16,-1.4695761589768238e-16,0.8,-8.425311088562012,15.597359657287598,-174.1695098876953,5
97.72916030883789,0.018794473260641098,0.021516384556889534,0.02299056574702263,-1.2246467991473532e-16,-1.4695761589768238e-16,0.8,-8.425311088562012,15.597359657287598,-174.1695098876953,5
97.83013224601746,0.018794473260641098,0.021516384556889534,0.02299056574702263,-1.2246467991473532e-16,-1.4695761589768238e-16,0.8,-8.425311088562012,15.597359657287598,-174.1695098876953,5
97.93117594718933,0.018794473260641098,0.021516384556889534,0.02299056574702263,-1.2246467991473532e-16,-1.4695761589768238e-16,0.8,-8.425311088562012,15.597359657287598,-174.1695098876953,5
98.03181862831116,0.018794473260641098,0.021516384556889534,0.02299056574702263,-1.2246467991473532e-16,-1.4695761589768238e-16,0.8,-8.425311088562012,15.597359657287598,-174.1695098876953,5
98.13243865966797,0.018794473260641098,0.021516384556889534,0.02299056574702263,-1.2246467991473532e-16,-1.4695761589768238e-16,0.8,-8.425311088562012,15.597359657287598,-174.1695098876953,5
98.23355174064636,0.018794473260641098,0.021516384556889534,0.02299056574702263,-1.2246467991473532e-16,-1.4695761589768238e-16,0.8,-8.425311088562012,15.597359657287598,-174.1695098876953,5
98.33561968803406,0.018794473260641098,0.021516384556889534,0.02299056574702263,-1.2246467991473532e-16,-1.4695761589768238e-16,0.8,-8.425311088562012,15.597359657287598,-174.1695098876953,5
98.43639779090881,0.018794473260641098,0.021516384556889534,0.02299056574702263,-1.2246467991473532e-16,-1.4695761589768238e-16,0.8,-8.425311088562012,15.597359657287598,-174.1695098876953,5
98.53712201118469,0.018794473260641098,0.021516384556889534,0.02299056574702263,-1.2246467991473532e-16,-1.4695761589768238e-16,0.8,-8.425311088562012,15.597359657287598,-174.1695098876953,5
98.63806915283203,0.018794473260641098,0.021516384556889534,0.02299056574702263,-1.2246467991473532e-16,-1.4695761589768238e-16,0.8,-8.425311088562012,15.597359657287598,-174.1695098876953,5
98.73883032798767,0.018794473260641098,0.021516384556889534,0.02299056574702263,-1.2246467991473532e-16,-1.4695761589768238e-16,0.8,-8.425311088562012,15.597359657287598,-174.1695098876953,5
98.83981609344482,0.018794473260641098,0.021516384556889534,0.02299056574702263,-1.2246467991473532e-16,-1.4695761589768238e-16,0.8,-8.425311088562012,15.597359657287598,-174.1695098876953,5
98.94062495231628,0.018794473260641098,0.021516384556889534,0.02299056574702263,-1.2246467991473532e-16,-1.4695761589768238e-16,0.8,-8.425311088562012,15.597359657287598,-174.1695098876953,5
99.04154086112976,0.018794473260641098,0.021516384556889534,0.02299056574702263,-1.2246467991473532e-16,-1.4695761589768238e-16,0.8,-8.425311088562012,15.597359657287598,-174.1695098876953,5
99.14243054389954,0.018794473260641098,0.021516384556889534,0.02299056574702263,-1.2246467991473532e-16,-1.4695761589768238e-16,0.8,-8.425311088562012,15.597359657287598,-174.1695098876953,5
99.24397397041321,0.018794473260641098,0.021516384556889534,0.02299056574702263,-1.2246467991473532e-16,-1.4695761589768238e-16,0.8,-8.425311088562012,15.597359657287598,-174.1695098876953,5
99.34530901908875,0.018794473260641098,0.021516384556889534,0.02299056574702263,-1.2246467991473532e-16,-1.4695761589768238e-16,0.8,-8.425311088562012,15.597359657287598,-174.1695098876953,5
99.44611668586731,0.018794473260641098,0.021516384556889534,0.02299056574702263,-1.2246467991473532e-16,-1.4695761589768238e-16,0.8,-8.425311088562012,15.597359657287598,-174.1695098876953,5
99.54682493209839,0.018794473260641098,0.021516384556889534,0.02299056574702263,-1.2246467991473532e-16,-1.4695761589768238e-16,0.8,-8.425311088562012,15.597359657287598,-174.1695098876953,5
99.64756727218628,0.018794473260641098,0.021516384556889534,0.02299056574702263,-1.2246467991473532e-16,-1.4695761589768238e-16,0.8,-8.425311088562012,15.597359657287598,-174.1695098876953,5
99.74821209907532,0.018794473260641098,0.021516384556889534,0.02299056574702263,-1.2246467991473532e-16,-1.4695761589768238e-16,0.8,-8.425311088562012,15.597359657287598,-174.1695098876953,5
99.8490538597107,0.018794473260641098,0.021516384556889534,0.02299056574702263,-1.2246467991473532e-16,-1.4695761589768238e-16,0.8,-8.425311088562012,15.597359657287598,-174.1695098876953,5
99.94971323013306,0.018794473260641098,0.021516384556889534,0.02299056574702263,-1.2246467991473532e-16,-1.4695761589768238e-16,0.8,-8.425311088562012,15.597359657287598,-174.1695098876953,5
100.05060458183289,0.018794473260641098,0.021516384556889534,0.02299056574702263,-1.2246467991473532e-16,-1.4695761589768238e-16,0.8,-8.425311088562012,15.597359657287598,-174.1695098876953,5
100.15142631530762,0.018794473260641098,0.021516384556889534,0.02299056574702263,-1.2246467991473532e-16,-1.4695761589768238e-16,0.8,-8.425311088562012,15.597359657287598,-174.1695098876953,5
100.25248575210571,0.018794473260641098,0.021516384556889534,0.02299056574702263,-1.2246467991473532e-16,-1.4695761589768238e-16,0.8,-8.425311088562012,15.597359657287598,-174.1695098876953,5
100.35385966300964,0.018794473260641098,0.021516384556889534,0.02299056574702263,-1.2246467991473532e-16,-1.4695761589768238e-16,0.8,-8.425311088562012,15.597359657287598,-174.1695098876953,5
100.45551586151123,0.018794473260641098,0.021516384556889534,0.02299056574702263,-1.2246467991473532e-16,-1.4695761589768238e-16,0.8,-8.425311088562012,15.597359657287598,-174.1695098876953,5
100.55625987052917,0.018794473260641098,0.021516384556889534,0.02299056574702263,-1.2246467991473532e-16,-1.4695761589768238e-16,0.8,-8.425311088562012,15.597359657287598,-174.1695098876953,5
100.65709686279297,0.018794473260641098,0.021516384556889534,0.02299056574702263,-1.2246467991473532e-16,-1.4695761589768238e-16,0.8,-8.425311088562012,15.597359657287598,-174.1695098876953,5
100.75812315940857,0.018794473260641098,0.021516384556889534,0.02299056574702263,-1.2246467991473532e-16,-1.4695761589768238e-16,0.8,-8.425311088562012,15.597359657287598,-174.1695098876953,5
100.85908222198486,0.018794473260641098,0.021516384556889534,0.02299056574702263,-1.2246467991473532e-16,-1.4695761589768238e-16,0.8,-8.425311088562012,15.597359657287598,-174.1695098876953,5
100.95982313156128,0.018794473260641098,0.021516384556889534,0.02299056574702263,-1.2246467991473532e-16,-1.4695761589768238e-16,0.8,-8.425311088562012,15.597359657287598,-174.1695098876953,5
101.06207847595215,0.018794473260641098,0.021516384556889534,0.02299056574702263,-1.2246467991473532e-16,-1.4695761589768238e-16,0.8,-8.425311088562012,15.597359657287598,-174.1695098876953,5
101.16403794288635,0.018794473260641098,0.021516384556889534,0.02299056574702263,-1.2246467991473532e-16,-1.4695761589768238e-16,0.8,-8.425311088562012,15.597359657287598,-174.1695098876953,5
101.2656500339508,0.018794473260641098,0.021516384556889534,0.02299056574702263,-1.2246467991473532e-16,-1.4695761589768238e-16,0.8,-8.425311088562012,15.597359657287598,-174.1695098876953,5
101.36637878417969,0.018794473260641098,0.021516384556889534,0.02299056574702263,-1.2246467991473532e-16,-1.4695761589768238e-16,0.8,-8.425311088562012,15.597359657287598,-174.1695098876953,5
101.46727681159973,0.018794473260641098,0.021516384556889534,0.02299056574702263,-1.2246467991473532e-16,-1.4695761589768238e-16,0.8,-8.425311088562012,15.597359657287598,-174.1695098876953,5
101.56803226470947,0.018794473260641098,0.021516384556889534,0.02299056574702263,-1.2246467991473532e-16,-1.4695761589768238e-16,0.8,-8.425311088562012,15.597359657287598,-174.1695098876953,5
101.66883158683777,0.018794473260641098,0.021516384556889534,0.02299056574702263,-1.2246467991473532e-16,-1.4695761589768238e-16,0.8,-8.425311088562012,15.597359657287598,-174.1695098876953,5
101.7695677280426,0.018794473260641098,0.021516384556889534,0.02299056574702263,-1.2246467991473532e-16,-1.4695761589768238e-16,0.8,-8.425311088562012,15.597359657287598,-174.1695098876953,5
101.8703305721283,0.018794473260641098,0.021516384556889534,0.02299056574702263,-1.2246467991473532e-16,-1.4695761589768238e-16,0.8,-8.425311088562012,15.597359657287598,-174.1695098876953,5
101.97104549407959,0.018794473260641098,0.021516384556889534,0.02299056574702263,-1.2246467991473532e-16,-1.4695761589768238e-16,0.8,-8.425311088562012,15.597359657287598,-174.1695098876953,5
102.0717601776123,0.018794473260641098,0.021516384556889534,0.02299056574702263,-1.2246467991473532e-16,-1.4695761589768238e-16,0.8,-8.425311088562012,15.597359657287598,-174.1695098876953,5
102.17280340194702,0.018794473260641098,0.021516384556889534,0.02299056574702263,-1.2246467991473532e-16,-1.4695761589768238e-16,0.8,-8.425311088562012,15.597359657287598,-174.1695098876953,5
102.27481865882874,0.018794473260641098,0.021516384556889534,0.02299056574702263,-1.2246467991473532e-16,-1.4695761589768238e-16,0.8,-8.425311088562012,15.597359657287598,-174.1695098876953,5
102.37576055526733,0.018794473260641098,0.021516384556889534,0.02299056574702263,-1.2246467991473532e-16,-1.4695761589768238e-16,0.8,-8.425311088562012,15.597359657287598,-174.1695098876953,5
102.47692775726318,0.018794473260641098,0.021516384556889534,0.02299056574702263,-1.2246467991473532e-16,-1.4695761589768238e-16,0.8,-8.425311088562012,15.597359657287598,-174.1695098876953,5
102.57767105102539,0.018794473260641098,0.021516384556889534,0.02299056574702263,-1.2246467991473532e-16,-1.4695761589768238e-16,0.8,-8.425311088562012,15.597359657287598,-174.1695098876953,5
102.67858171463013,0.018794473260641098,0.021516384556889534,0.02299056574702263,-1.2246467991473532e-16,-1.4695761589768238e-16,0.8,-8.425311088562012,15.597359657287598,-174.1695098876953,5
102.77948760986328,0.018794473260641098,0.021516384556889534,0.02299056574702263,-1.2246467991473532e-16,-1.4695761589768238e-16,0.8,-8.425311088562012,15.597359657287598,-174.1695098876953,5
102.88034868240356,0.018794473260641098,0.021516384556889534,0.02299056574702263,-1.2246467991473532e-16,-1.4695761589768238e-16,0.8,-8.425311088562012,15.597359657287598,-174.1695098876953,5
102.98116946220398,0.018794473260641098,0.021516384556889534,0.02299056574702263,-1.2246467991473532e-16,-1.4695761589768238e-16,0.8,-8.425311088562012,15.597359657287598,-174.1695098876953,5
103.08208441734314,0.018794473260641098,0.021516384556889534,0.02299056574702263,-1.2246467991473532e-16,-1.4695761589768238e-16,0.8,-8.425311088562012,15.597359657287598,-174.1695098876953,5
103.18350458145142,0.018794473260641098,0.021516384556889534,0.02299056574702263,-1.2246467991473532e-16,-1.4695761589768238e-16,0.8,-8.425311088562012,15.597359657287598,-174.1695098876953,5
103.2846782207489,0.018794473260641098,0.021516384556889534,0.02299056574702263,-1.2246467991473532e-16,-1.4695761589768238e-16,0.8,-8.425311088562012,15.597359657287598,-174.1695098876953,5
103.38557815551758,0.018794473260641098,0.021516384556889534,0.02299056574702263,-1.2246467991473532e-16,-1.4695761589768238e-16,0.8,-8.425311088562012,15.597359657287598,-174.1695098876953,5
103.48667120933533,0.018794473260641098,0.021516384556889534,0.02299056574702263,-1.2246467991473532e-16,-1.4695761589768238e-16,0.8,-8.425311088562012,15.597359657287598,-174.1695098876953,5
103.58738422393799,0.018794473260641098,0.021516384556889534,0.02299056574702263,-1.2246467991473532e-16,-1.4695761589768238e-16,0.8,-8.425311088562012,15.597359657287598,-174.1695098876953,5
103.68830513954163,0.018794473260641098,0.021516384556889534,0.02299056574702263,-1.2246467991473532e-16,-1.4695761589768238e-16,0.8,-8.425311088562012,15.597359657287598,-174.1695098876953,5
103.78921246528625,0.018794473260641098,0.021516384556889534,0.02299056574702263,-1.2246467991473532e-16,-1.4695761589768238e-16,0.8,-8.425311088562012,15.597359657287598,-174.1695098876953,5
103.89021825790405,0.018794473260641098,0.021516384556889534,0.02299056574702263,-1.2246467991473532e-16,-1.4695761589768238e-16,0.8,-8.425311088562012,15.597359657287598,-174.1695098876953,5
103.99089622497559,0.018794473260641098,0.021516384556889534,0.02299056574702263,-1.2246467991473532e-16,-1.4695761589768238e-16,0.8,-8.425311088562012,15.597359657287598,-174.1695098876953,5
104.09169840812683,0.018794473260641098,0.021516384556889534,0.02299056574702263,-1.2246467991473532e-16,-1.4695761589768238e-16,0.8,-8.425311088562012,15.597359657287598,-174.1695098876953,5
104.19317770004272,0.018794473260641098,0.021516384556889534,0.02299056574702263,-1.2246467991473532e-16,-1.4695761589768238e-16,0.8,-8.425311088562012,15.597359657287598,-174.1695098876953,5
104.29420948028564,0.018794473260641098,0.021516384556889534,0.02299056574702263,-1.2246467991473532e-16,-1.4695761589768238e-16,0.8,-8.425311088562012,15.597359657287598,-174.1695098876953,5
104.39529657363892,0.018794473260641098,0.021516384556889534,0.02299056574702263,-1.2246467991473532e-16,-1.4695761589768238e-16,0.8,-8.425311088562012,15.597359657287598,-174.1695098876953,5
104.49624300003052,0.018794473260641098,0.021516384556889534,0.02299056574702263,-1.2246467991473532e-16,-1.4695761589768238e-16,0.8,-8.425311088562012,15.597359657287598,-174.1695098876953,5
104.59722542762756,0.018794473260641098,0.021516384556889534,0.02299056574702263,-1.2246467991473532e-16,-1.4695761589768238e-16,0.8,-8.425311088562012,15.597359657287598,-174.1695098876953,5
104.69813990592957,0.018794473260641098,0.021516384556889534,0.02299056574702263,-1.2246467991473532e-16,-1.4695761589768238e-16,0.8,-8.425311088562012,15.597359657287598,-174.1695098876953,5
104.79913091659546,0.018794473260641098,0.021516384556889534,0.02299056574702263,-1.2246467991473532e-16,-1.4695761589768238e-16,0.8,-8.425311088562012,15.597359657287598,-174.1695098876953,5
104.90026354789734,0.018794473260641098,0.021516384556889534,0.02299056574702263,-1.2246467991473532e-16,-1.4695761589768238e-16,0.8,-8.425311088562012,15.597359657287598,-174.1695098876953,5
105.0012686252594,0.018794473260641098,0.021516384556889534,0.02299056574702263,-1.2246467991473532e-16,-1.4695761589768238e-16,0.8,-8.425311088562012,15.597359657287598,-174.1695098876953,5
105.1025800704956,0.018794473260641098,0.021516384556889534,0.02299056574702263,-1.2246467991473532e-16,-1.4695761589768238e-16,0.8,-8.425311088562012,15.597359657287598,-174.1695098876953,5
105.20367240905762,0.018794473260641098,0.021516384556889534,0.02299056574702263,-1.2246467991473532e-16,-1.4695761589768238e-16,0.8,-8.425311088562012,15.597359657287598,-174.1695098876953,5
105.30469417572021,0.018794473260641098,0.021516384556889534,0.02299056574702263,-1.2246467991473532e-16,-1.4695761589768238e-16,0.8,-8.425311088562012,15.597359657287598,-174.1695098876953,5
105.40562057495117,0.018794473260641098,0.021516384556889534,0.02299056574702263,-1.2246467991473532e-16,-1.4695761589768238e-16,0.8,-8.425311088562012,15.597359657287598,-174.1695098876953,5
105.50650382041931,0.018794473260641098,0.021516384556889534,0.02299056574702263,-1.2246467991473532e-16,-1.4695761589768238e-16,0.8,-8.425311088562012,15.597359657287598,-174.1695098876953,5
105.60766339302063,0.018794473260641098,0.021516384556889534,0.02299056574702263,-1.2246467991473532e-16,-1.4695761589768238e-16,0.8,-8.425311088562012,15.597359657287598,-174.1695098876953,5
105.70865726470947,0.018794473260641098,0.021516384556889534,0.02299056574702263,-1.2246467991473532e-16,-1.4695761589768238e-16,0.8,-8.425311088562012,15.597359657287598,-174.1695098876953,5
105.8097448348999,0.018794473260641098,0.021516384556889534,0.02299056574702263,-1.2246467991473532e-16,-1.4695761589768238e-16,0.8,-8.425311088562012,15.597359657287598,-174.1695098876953,5
105.91069459915161,0.018794473260641098,0.021516384556889534,0.02299056574702263,-1.2246467991473532e-16,-1.4695761589768238e-16,0.8,-8.425311088562012,15.597359657287598,-174.1695098876953,5
106.011798620224,0.018794473260641098,0.021516384556889534,0.02299056574702263,-1.2246467991473532e-16,-1.4695761589768238e-16,0.8,-8.425311088562012,15.597359657287598,-174.1695098876953,5
106.11466813087463,0.018794473260641098,0.021516384556889534,0.02299056574702263,-1.2246467991473532e-16,-1.4695761589768238e-16,0.8,-8.425311088562012,15.597359657287598,-174.1695098876953,5
106.21558427810669,0.018794473260641098,0.021516384556889534,0.02299056574702263,-1.2246467991473532e-16,-1.4695761589768238e-16,0.8,-8.425311088562012,15.597359657287598,-174.1695098876953,5
106.31633043289185,0.018794473260641098,0.021516384556889534,0.02299056574702263,-1.2246467991473532e-16,-1.4695761589768238e-16,0.8,-8.425311088562012,15.597359657287598,-174.1695098876953,5
106.41722702980042,0.018794473260641098,0.021516384556889534,0.02299056574702263,-1.2246467991473532e-16,-1.4695761589768238e-16,0.8,-8.425311088562012,15.597359657287598,-174.1695098876953,5
106.51802349090576,0.018794473260641098,0.021516384556889534,0.02299056574702263,-1.2246467991473532e-16,-1.4695761589768238e-16,0.8,-8.425311088562012,15.597359657287598,-174.1695098876953,5
106.6187961101532,0.018794473260641098,0.021516384556889534,0.02299056574702263,-1.2246467991473532e-16,-1.4695761589768238e-16,0.8,-8.425311088562012,15.597359657287598,-174.1695098876953,5
106.71954417228699,0.018794473260641098,0.021516384556889534,0.02299056574702263,-1.2246467991473532e-16,-1.4695761589768238e-16,0.8,-8.425311088562012,15.597359657287598,-174.1695098876953,5
106.82047200202942,0.018794473260641098,0.021516384556889534,0.02299056574702263,-1.2246467991473532e-16,-1.4695761589768238e-16,0.8,-8.425311088562012,15.597359657287598,-174.1695098876953,5
106.92141103744507,0.018794473260641098,0.021516384556889534,0.02299056574702263,-1.2246467991473532e-16,-1.4695761589768238e-16,0.8,-8.425311088562012,15.597359657287598,-174.1695098876953,5
107.02235412597656,0.018794473260641098,0.021516384556889534,0.02299056574702263,-1.2246467991473532e-16,-1.4695761589768238e-16,0.8,-8.425311088562012,15.597359657287598,-174.1695098876953,5
107.12322330474854,0.018794473260641098,0.021516384556889534,0.02299056574702263,-1.2246467991473532e-16,-1.4695761589768238e-16,0.8,-8.425311088562012,15.597359657287598,-174.1695098876953,5
107.2250509262085,0.018794473260641098,0.021516384556889534,0.02299056574702263,-1.2246467991473532e-16,-1.4695761589768238e-16,0.8,-8.425311088562012,15.597359657287598,-174.1695098876953,5
107.32607746124268,0.018794473260641098,0.021516384556889534,0.02299056574702263,-1.2246467991473532e-16,-1.4695761589768238e-16,0.8,-8.425311088562012,15.597359657287598,-174.1695098876953,5
107.42697763442993,0.018794473260641098,0.021516384556889534,0.02299056574702263,-1.2246467991473532e-16,-1.4695761589768238e-16,0.8,-8.425311088562012,15.597359657287598,-174.1695098876953,5
107.52792024612427,0.018794473260641098,0.021516384556889534,0.02299056574702263,-1.2246467991473532e-16,-1.4695761589768238e-16,0.8,-8.425311088562012,15.597359657287598,-174.1695098876953,5
107.62881827354431,0.018794473260641098,0.021516384556889534,0.02299056574702263,-1.2246467991473532e-16,-1.4695761589768238e-16,0.8,-8.425311088562012,15.597359657287598,-174.1695098876953,5
107.72975850105286,0.018794473260641098,0.021516384556889534,0.02299056574702263,-1.2246467991473532e-16,-1.4695761589768238e-16,0.8,-8.425311088562012,15.597359657287598,-174.1695098876953,5
107.83086585998535,0.018794473260641098,0.021516384556889534,0.02299056574702263,-1.2246467991473532e-16,-1.4695761589768238e-16,0.8,-8.425311088562012,15.597359657287598,-174.1695098876953,5
107.93176937103271,0.018794473260641098,0.021516384556889534,0.02299056574702263,-1.2246467991473532e-16,-1.4695761589768238e-16,0.8,-8.425311088562012,15.597359657287598,-174.1695098876953,5
108.03266906738281,0.018794473260641098,0.021516384556889534,0.02299056574702263,-1.2246467991473532e-16,-1.4695761589768238e-16,0.8,-8.425311088562012,15.597359657287598,-174.1695098876953,5
108.13357830047607,0.018794473260641098,0.021516384556889534,0.02299056574702263,-1.2246467991473532e-16,-1.4695761589768238e-16,0.8,-8.425311088562012,15.597359657287598,-174.1695098876953,5
108.23503136634827,0.018794473260641098,0.021516384556889534,0.02299056574702263,-1.2246467991473532e-16,-1.4695761589768238e-16,0.8,-8.425311088562012,15.597359657287598,-174.1695098876953,5
108.33592748641968,0.018794473260641098,0.021516384556889534,0.02299056574702263,-1.2246467991473532e-16,-1.4695761589768238e-16,0.8,-8.425311088562012,15.597359657287598,-174.1695098876953,5
108.43688344955444,0.018794473260641098,0.021516384556889534,0.02299056574702263,-1.2246467991473532e-16,-1.4695761589768238e-16,0.8,-8.425311088562012,15.597359657287598,-174.1695098876953,5
108.53775978088379,0.018794473260641098,0.021516384556889534,0.02299056574702263,-1.2246467991473532e-16,-1.4695761589768238e-16,0.8,-8.425311088562012,15.597359657287598,-174.1695098876953,5
108.63859105110168,0.018794473260641098,0.021516384556889534,0.02299056574702263,-1.2246467991473532e-16,-1.4695761589768238e-16,0.8,-8.425311088562012,15.597359657287598,-174.1695098876953,5
108.73962306976318,0.018794473260641098,0.021516384556889534,0.02299056574702263,-1.2246467991473532e-16,-1.4695761589768238e-16,0.8,-8.425311088562012,15.597359657287598,-174.1695098876953,5
108.8407027721405,0.018794473260641098,0.021516384556889534,0.02299056574702263,-1.2246467991473532e-16,-1.4695761589768238e-16,0.8,-8.425311088562012,15.597359657287598,-174.1695098876953,5
108.94172525405884,0.018794473260641098,0.021516384556889534,0.02299056574702263,-1.2246467991473532e-16,-1.4695761589768238e-16,0.8,-8.425311088562012,15.597359657287598,-174.1695098876953,5
109.04266786575317,0.018794473260641098,0.021516384556889534,0.02299056574702263,-1.2246467991473532e-16,-1.4695761589768238e-16,0.8,-8.425311088562012,15.597359657287598,-174.1695098876953,5
109.14472794532776,0.018794473260641098,0.021516384556889534,0.02299056574702263,-1.2246467991473532e-16,-1.4695761589768238e-16,0.8,-8.425311088562012,15.597359657287598,-174.1695098876953,5
109.24557828903198,0.018794473260641098,0.021516384556889534,0.02299056574702263,-1.2246467991473532e-16,-1.4695761589768238e-16,0.8,-8.425311088562012,15.597359657287598,-174.1695098876953,5
109.3462462425232,0.018794473260641098,0.021516384556889534,0.02299056574702263,-1.2246467991473532e-16,-1.4695761589768238e-16,0.8,-8.425311088562012,15.597359657287598,-174.1695098876953,5
109.44733119010925,0.018794473260641098,0.021516384556889534,0.02299056574702263,-1.2246467991473532e-16,-1.4695761589768238e-16,0.8,-8.425311088562012,15.597359657287598,-174.1695098876953,5
